Nome,Categoria,Città,Stato,Citazioni,Descrizione,Posizione,Lat,Lon
7-Eleven Thailand,shopping,,da_fare,1,"💰 35 - 170 THB
Catena di minimarket molto utile non solo per snack e bevande, ma anche per servizi essenziali come ATM, ricariche SIM e pasti pronti.
💡 Chiedi al personale di scaldare toast e snack al microonde.
💡 Cerca il simbolo giallo 'Jay' per opzioni 100% vegetali.
https://www.instagram.com/p/DbFv7zzlNmF/","7-Eleven Thailand, Thailandia",13.709388,100.558038
Ban Chiang,cultura,,da_fare,1,"Importante sito archeologico preistorico del Sud-Est asiatico con antiche ceramiche decorate e tracce di comunità millenarie.
https://www.instagram.com/p/DaQRIaQDHXp/","Ban Chiang, Thailandia",17.406254,103.238782
Ban Pa Bong Piang,natura,,da_fare,1,"Risaie a terrazza mozzafiato scolpite sul fianco della montagna.
https://www.instagram.com/p/Dcq0b8IFy_J/","Ban Pa Bong Piang, Thailandia",,
Boon Lott's Elephant Sanctuary,natura,,da_fare,1,"Santuario etico per elefanti hands-off, dove osservare gli animali senza interfacciarsi direttamente con loro.
https://www.instagram.com/p/DSkCbg3jBWW/","Boon Lott's Elephant Sanctuary, Thailandia",,
Boots,shopping,,da_fare,1,"Negozio dove trovare prodotti per capelli ricci, cuoio capelluto secco e punte danneggiate.
https://www.instagram.com/p/DZpRWd6AKq7/","Boots, Thailandia",13.740663,100.561738
Burm and Emily's Elephant Sanctuary,natura,,da_fare,1,"Santuario etico per elefanti senza interazione diretta, per una visita responsabile.
https://www.instagram.com/p/DSkCbg3jBWW/","Burm and Emily's Elephant Sanctuary, Thailandia",,
ChangChill,natura,,da_fare,1,"Santuario etico per elefanti hands-off, dove è possibile osservarli senza toccarli, nutrirli o cavalcarli.
https://www.instagram.com/p/DSkCbg3jBWW/","ChangChill, Thailandia",18.626046,98.631068
Dong Phayayen-Khao Yai,natura,,da_fare,1,"Complesso forestale con montagne e cascate, ideale per osservare animali in libertà come gli elefanti selvatici.
https://www.instagram.com/p/DaQRIaQDHXp/","Dong Phayayen-Khao Yai, Thailandia",,
Following Giants,natura,,da_fare,1,"Santuario etico per elefanti basato sulla filosofia hands-off.
https://www.instagram.com/p/DSkCbg3jBWW/","Following Giants, Thailandia",7.494827,99.086694
Global Vision International,natura,,da_fare,1,"Santuario ed ente che promuove la tutela degli elefanti senza sfruttamento turistico.
https://www.instagram.com/p/DSkCbg3jBWW/","Global Vision International, Thailandia",,
Kaeng Krachan,natura,,da_fare,1,"Il più grande complesso forestale protetto della Thailandia, con oltre 400 specie di uccelli e una grande varietà di farfalle.
https://www.instagram.com/p/DaQRIaQDHXp/","Kaeng Krachan, Thailandia",12.849998,99.365996
Kindred Spirit Elephant Sanctuary,natura,,da_fare,1,"Santuario etico per elefanti hands-off.
https://www.instagram.com/p/DSkCbg3jBWW/","Kindred Spirit Elephant Sanctuary, Thailandia",18.761027,98.256667
Little Amazon,natura,,da_fare,1,"Mangrovia selvaggia attraversata da un fiume sinuoso.
https://www.instagram.com/p/Dcq0b8IFy_J/","Little Amazon, Thailandia",,
Mahouts Elephant Foundation,natura,,da_fare,1,"Fondazione e santuario etico per la protezione e l'osservazione degli elefanti in libertà.
https://www.instagram.com/p/DSkCbg3jBWW/","Mahouts Elephant Foundation, Thailandia",,
Phu Lom Lo,natura,,da_fare,1,"Montagna ricoperta di migliaia di ciliegi in fiore, simile ai paesaggi giapponesi.
https://www.instagram.com/p/Dcq0b8IFy_J/","Phu Lom Lo, Thailandia",16.986223,101.075226
Phu Phrabat,natura,,da_fare,1,"Sito famoso per gigantesche formazioni rocciose a forma di fungo o portali, modellate dagli agenti atmosferici e usate per rituali.
https://www.instagram.com/p/DaQRIaQDHXp/","Phu Phrabat, Thailandia",17.172720,102.514503
Si Thep,cultura,,da_fare,1,"Antico centro della civiltà Dvaravati con influenze indiane e Khmer, noto per alcune strutture circolari quasi perfette.
https://www.instagram.com/p/DaQRIaQDHXp/","Si Thep, Thailandia",13.804031,100.541711
Sra Morakot,natura,,da_fare,1,"Acqua turchese e cristallina nel cuore della giungla.
https://www.instagram.com/p/Dcq0b8IFy_J/","Sra Morakot, Thailandia",7.925097,99.268187
Srichand,shopping,,da_fare,1,"Brand locale di ciprie in polvere e creme solari consigliato per pelli grasse.
https://www.instagram.com/p/DctXlo2yrak/","Srichand, Thailandia",16.428980,102.855801
Thailand,cibo,,da_fare,1,"Ottimi dessert tradizionali thailandesi da provare assolutamente nella tua bucket list gastronomica.
https://www.instagram.com/p/DaYHxfxkwGj/","Thailand, Thailandia",8.032765,98.825667
The Rock,cibo,,da_fare,1,"Ristorante in montagna con vista panoramica, altalena tra gli alberi e atmosfera serale.
https://www.instagram.com/p/DafBahWk2QJ/","The Rock, Thailandia",9.673668,100.068573
Thung Salaeng Luang,natura,,da_fare,1,"Savana avvolta nella nebbia all'alba con acacie che ricordano l'Africa.
https://www.instagram.com/p/Dcq0b8IFy_J/","Thung Salaeng Luang, Thailandia",16.662941,100.805355
Thungyai—Huai Kha Khaeng,natura,,da_fare,1,"Enorme area protetta e foresta selvaggia, uno dei pochi luoghi del Sud-Est asiatico dove le tigri vivono ancora in natura.
https://www.instagram.com/p/DaQRIaQDHXp/","Thungyai—Huai Kha Khaeng, Thailandia",,
Amphawa,cibo,Amphawa,da_fare,1,"Autentico mercato galleggiante con pubblico locale, cibo fresco, prezzi onesti e canali illuminati la sera.
💡 Apre di pomeriggio: venerdì 16-22, sabato e domenica 12-22
https://www.instagram.com/p/DdbNUf7sLdH/","Amphawa, Thailandia",13.425040,99.955284
Wat Muang,cultura,Ang Thong,da_fare,1,"Ospita il Phra Buddha Maha Nawamin, la statua di Buddha più alta della Thailandia con i suoi 92 metri.
https://www.instagram.com/p/DdbfhvOCkoo/","Wat Muang, Ang Thong, Thailandia",14.592983,100.378757
Ao Nang,natura,Ao Nang,da_fare,1,"💰 gratis
Spiaggia dove ammirare bellissimi tramonti e spettacoli di fuoco gratuiti.
https://www.instagram.com/p/DbLvylQDb2s/","Ao Nang, Thailandia",7.721173,98.765543
Ao Nang Longtail Boat Service Club,trasporti,Ao Nang,da_fare,1,"💰 200thb
La biglietteria ufficiale sulla spiaggia per prendere la barca economica verso Railay Beach.
💡 Compra i biglietti solo alla biglietteria ufficiale per evitare truffe.
⚠️ Rischio di truffe se si compra altrove.
https://www.instagram.com/p/Da0v8VMtX1O/","Ao Nang Longtail Boat Service Club, Ao Nang, Thailandia",,
Monkey Trail,natura,Ao Nang,da_fare,1,"💰 gratis
Sentiero escursionistico che conduce a una spiaggia nascosta.
⚠️ Fisicamente impegnativo.
https://www.instagram.com/p/DbLvylQDb2s/","Monkey Trail, Ao Nang, Thailandia",8.025482,98.827207
Poda Island,natura,Ao Nang,da_fare,1,"💰 gratis
Isola paradisiaca visitata tramite tour gratuito offerto dall'ostello in cambio di contenuti.
https://www.instagram.com/p/DbLvylQDb2s/","Poda Island, Ao Nang, Thailandia",7.971275,98.808478
Ayutthaya,cultura,Ayutthaya,da_fare,4,"📅 1 notte, 1 giorno
Antichi templi e storie senza tempo, a 1,5 ore da Bangkok.
Antica capitale del Regno del Siam, famosa per il parco archeologico UNESCO e la celebre testa di Buddha tra le radici.
Antica capitale del Regno di Siam e Patrimonio dell'Umanità. Ideale per visite culturali vicine a Bangkok, con rovine immerse nella città moderna.
Antica capitale del regno del Siam, distrutta nel 1767. Visita i templi in rovina e la famosa testa del Buddha tra le radici.
💡 Dista 1,5 ore da Bangkok
💡 Esplorala a passo lento, meglio se in bicicletta.
💡 Soggiornaci almeno una notte per viverla quando i turisti se ne vanno.
💡 Facile da percorrere in bici o tuk-tuk.
💡 Perfetta per chi ha poco tempo o è alla prima volta in Tailandia.
⚠️ Calda, umida e stancante da visitare nelle ore centrali del giorno.
https://www.instagram.com/p/DdQo4lVE_BQ/
https://www.instagram.com/p/Dbp5P7skymg/
https://www.instagram.com/p/Dak9FOFiFcT/
https://www.instagram.com/p/DaQRIaQDHXp/","Ayutthaya, Thailandia",14.318947,100.511168
Ayutthaya Ruins Day Trip,cultura,Ayutthaya,da_fare,1,"💰 ₹1,500-3,500
L'antica capitale del Siam facilmente raggiungibile da Bangkok.
https://www.instagram.com/p/DdL7u8kkyKu/","Ayutthaya Ruins Day Trip, Ayutthaya, Thailandia",,
Elephant Camp Ayutthaya,attivita,Ayutthaya,da_fare,1,"Area in cui è possibile vedere gli elefanti.
https://www.instagram.com/p/DHCAztPtGbx/","Elephant Camp Ayutthaya, Ayutthaya, Thailandia",,
Wat Chaiwatthanaram,cultura,Ayutthaya,da_fare,2,"Spettacolare tempio buddista sulle rive del fiume Chao Phraya.
Uno dei templi più fotogenici e maestosi, situato lungo le sponde del fiume.
💡 Indossa indumenti lunghi per accedere senza problemi.
https://www.instagram.com/p/DHCAztPtGbx/
https://www.instagram.com/p/DbNnA_8jacy/","Wat Chaiwatthanaram, Ayutthaya, Thailandia",,
Wat Mahathat,cultura,Ayutthaya,da_fare,3,"Tempio storico di Ayutthaya, tappa fondamentale per la visita del sito archeologico.
Tempio famoso per la famosissima testa del Buddha incastonata tra le radici di un albero.
Famoso tempio ad Ayutthaya dove una testa di Buddha è rimasta intrappolata tra le radici in crescita di un albero di Bodhi.
💡 Indossa indumenti lunghi per accedere senza problemi.
https://www.instagram.com/p/DHCAztPtGbx/
https://www.instagram.com/p/DbNnA_8jacy/
https://www.instagram.com/p/DdqGThgk7As/","Wat Mahathat, Ayutthaya, Thailandia",14.356351,100.568527
Wat Na Phra Men,cultura,Ayutthaya,da_fare,1,"Tempio storico sopravvissuto alla distruzione della città nel 1767.
💡 Indossa indumenti lunghi per accedere senza problemi.
https://www.instagram.com/p/DHCAztPtGbx/","Wat Na Phra Men, Ayutthaya, Thailandia",14.362921,100.558103
Wat Phra Ram,cultura,Ayutthaya,da_fare,1,"Antico tempio situato vicino a una laguna nel parco storico.
💡 Indossa indumenti lunghi per accedere senza problemi.
https://www.instagram.com/p/DHCAztPtGbx/","Wat Phra Ram, Ayutthaya, Thailandia",14.354521,100.561655
Wat Phra Si Sanphet,cultura,Ayutthaya,da_fare,1,"Uno dei templi più importanti e maestosi del parco storico.
💡 Indossa indumenti lunghi per accedere senza problemi.
https://www.instagram.com/p/DHCAztPtGbx/","Wat Phra Si Sanphet, Ayutthaya, Thailandia",14.355913,100.558508
Wat Ratchaburana,cultura,Ayutthaya,da_fare,2,"Importante tempio antico di Ayutthaya.
Imponente tempio famoso per la sua grande torre centrale.
💡 Indossa indumenti lunghi per accedere senza problemi.
https://www.instagram.com/p/DHCAztPtGbx/
https://www.instagram.com/p/DbNnA_8jacy/","Wat Ratchaburana, Ayutthaya, Thailandia",14.358741,100.567292
Wihan Phra Mongkhon Bophit,cultura,Ayutthaya,da_fare,1,"Edificio sacro che ospita una grande statua di Buddha.
💡 Indossa indumenti lunghi per accedere senza problemi.
https://www.instagram.com/p/DHCAztPtGbx/","Wihan Phra Mongkhon Bophit, Ayutthaya, Thailandia",14.354847,100.557712
Ban Rak Thai,cultura,Ban Rak Thai,da_fare,1,"Villaggio montano famoso per le piantagioni di tè e i panorami.
https://www.instagram.com/p/DctmchXx4DO/","Ban Rak Thai, Thailandia",16.737105,100.636273
137 Pillars Suites & Residences,alloggio,Bangkok,da_fare,1,"Hotel di lusso sul fiume con due piscine a sfioro panoramiche.
https://www.instagram.com/p/DdeALM3juOC/","137 Pillars Suites & Residences, Bangkok, Thailandia",13.737600,100.572361
7-Eleven,shopping,Bangkok,da_fare,4,"💰 18€, < 30000 IDR
Minimarket diffuso ovunque, utile per piccoli acquisti e spesa varia.
Famoso minimarket dove provare snack notturni tipici come toastie, burger di gamberi, panini al burro e tè al latte thai.
Catena di minimarket in Thailandia dove comprare snack virali, dolci, prodotti da forno e bevande a prezzi convenienti.
Negozio di alimentari e beni di prima necessità dove trovare medicinali da viaggio e rimedi utili.
💡 Chiedi di scaldare i prodotti al microonde direttamente in negozio.
⚠️ Alcuni prodotti potrebbero non essere halal.
https://www.instagram.com/p/Dcaq-KBskod/
https://www.instagram.com/p/DcgQNofteI4/
https://www.instagram.com/p/Ddlfni_GnQC/
https://www.instagram.com/p/DdL3HDcKImm/","7-Eleven, Bangkok, Thailandia",13.827660,100.568371
747 Cafe,cibo,Bangkok,da_fare,1,"Caffè ricavato all'interno di un vero aereo Boeing 747.
https://www.instagram.com/p/DXd1dS9jL1w/","747 Cafe, Bangkok, Thailandia",,
965 BKK,cibo,Bangkok,da_fare,2,"Caffè nascosto con un carattere unico a Bangkok, ideale per rilassarsi.
Caffè creativo e galleria ospitati all'interno di una casa di mercanti vecchia di 200 anni con interni storici.
https://www.instagram.com/p/Dbgmxkvkc1Z/
https://www.instagram.com/p/DaqSEKgDGRZ/","965 BKK, Bangkok, Thailandia",13.752494,100.493509
A Ramen,cibo,Bangkok,da_fare,2,"Ristorante ideale per pranzo o cena a base di ramen.
Ristorante di ramen in zona Silom.
https://www.instagram.com/p/DdY8MvUN0zv/
https://www.instagram.com/p/Dc8d-wRDUht/","A Ramen, Bangkok, Thailandia",13.770195,100.571936
ALLO HOUSE,cibo,Bangkok,da_fare,1,"Indirizzo per colazione e brunch.
https://www.instagram.com/p/DdY8MvUN0zv/","ALLO HOUSE, Bangkok, Thailandia",,
ATT 19,shopping,Bangkok,da_fare,2,"Spazio d'arte e concept store in una scuola antica.
Ibrido tra café e galleria in stile boho-chic con caffè, dessert e mostre d'arte locali rotanti.
💡 Nascosto lontano dalle strade trafficate, ottima alternativa ai soliti posti turistici.
https://www.instagram.com/p/Dbgmxkvkc1Z/
https://www.instagram.com/p/DdgcdzaE7P8/","ATT 19, Bangkok, Thailandia",13.729279,100.514849
After the Rain Coffee & Gallery,cibo,Bangkok,da_fare,2,"Caffè immerso in una lussureggiante giungla di palme dove è possibile pagaire con la propria barca lungo i canali.
Caffè e galleria immersi nel verde fuori dal centro.
https://www.instagram.com/p/DXd1dS9jL1w/
https://www.instagram.com/p/Dbgmxkvkc1Z/","After the Rain Coffee & Gallery, Bangkok, Thailandia",,
Airport Rail Link,trasporti,Bangkok,da_fare,1,"💰 15–45 baht
Treno veloce ed economico per raggiungere il centro di Bangkok evitando il traffico.
💡 Paga con carta di credito contactless o compra un gettone.
https://www.instagram.com/p/Dc3vJ-YITxH/","Airport Rail Link, Bangkok, Thailandia",13.738016,100.645207
Akara Sky Hanuman,nightlife,Bangkok,da_fare,4,"💰 40€
Rooftop con stanze immersive psichedeliche e terrazza con musica.
Ristorante e bar panoramico sul tetto.
Il primo e più alto rooftop di ispirazione thailandese al mondo, a 276 metri. Vista a 360 gradi, statue e arte digitale.
Spettacolo culturale su rooftop più alto con viste spettacolari.
💡 Il costo di ingresso include un mojito.
💡 Si trova a One City Centre, Ploenchit.
https://www.instagram.com/p/DcfzoaKs-9v/
https://www.instagram.com/p/Db4WeUHifC2/
https://www.instagram.com/p/DXd1dS9jL1w/
https://www.instagram.com/p/Dapjpg_SG_e/","Akara Sky Hanuman, Bangkok, Thailandia",13.742075,100.546361
Ancient City,cultura,Bangkok,da_fare,3,"📅 1 giorno
Parco che riproduce l'intera Thailandia con templi grandiosi e palazzi reali.
Enorme museo a cielo aperto con le repliche dei monumenti più importanti della Thailandia.
Parco museale all'aperto immenso con architetture e storia thailandese.
💡 Riserva un giorno intero per visitarlo.
💡 Si trova fuori dal centro, dedica un giorno intero.
💡 Porta molta acqua.
💡 Noleggia una bici o una golf cart.
https://www.instagram.com/p/DXjavtFDCDc/
https://www.instagram.com/p/DdY8MvUN0zv/
https://www.instagram.com/p/Dc8d-wRDUht/","Ancient City, Bangkok, Thailandia",13.540547,100.624000
Andy & Fine Photo House,attivita,Bangkok,da_fare,1,"Parco giochi per fototessere con stanze a tema stravaganti e cabine analogiche vintage.
💡 Si trova al BACC (3° piano) o a Banthat Thong (Chula Soi 14).
https://www.instagram.com/p/DXd1dS9jL1w/","Andy & Fine Photo House, Bangkok, Thailandia",13.746841,100.530530
Another Story,shopping,Bangkok,da_fare,1,"Concept store con brand locali e internazionali, articoli di moda, libri e idee regalo da Bangkok.
💡 Situato al piano M di EmSphere.
https://www.instagram.com/p/DajrQJkASZE/","Another Story, Bangkok, Thailandia",,
Arabica Empire Tower,cibo,Bangkok,da_fare,2,"Punto vendita della nota catena di caffè nell'Empire Tower.
Caffetteria situata al 55° piano con vista sulla città.
https://www.instagram.com/p/Dbgmxkvkc1Z/
https://www.instagram.com/p/Dc8d-wRDUht/","Arabica Empire Tower, Bangkok, Thailandia",13.720426,100.529998
Ari,shopping,Bangkok,da_fare,1,"Quartiere creativo e alla moda con caffè indipendenti, ristoranti thailandesi, negozi di design e bar.
https://www.instagram.com/p/DdBoOqjEwmL/","Ari, Bangkok, Thailandia",13.779708,100.544620
Artists House,cultura,Bangkok,da_fare,2,"💰 ~50-200 THB
Antica casa in legno su palafitte adibita a spazio d'arte comunitario all'aperto, frequentata da giovani locali.
Casa in teak di 200 anni sul canale dove dipingere maschere di legno, fare gioielli di perline e vedere burattini.
💡 Spettacolo dei burattini alle 14:00 (chiuso il mercoledì, chiama prima).
https://www.instagram.com/p/DY_vNF1S0u8/
https://www.instagram.com/p/DWodDDCjCm0/","Artists House, Bangkok, Thailandia",,
Asiatique The Riverfront,shopping,Bangkok,da_fare,3,"Complesso commerciale all'aperto lungo il fiume con intrattenimento.
Mercato notturno sul lungofiume con negozi e intrattenimento.
Grande centro commerciale all'aperto con ruota panoramica situato lungo il fiume.
https://www.instagram.com/p/DdHUlZHjGuz/
https://www.instagram.com/p/Db4WeUHifC2/
https://www.instagram.com/p/DdkWHIPjFXW/","Asiatique The Riverfront, Bangkok, Thailandia",13.704157,100.502714
Asok,nightlife,Bangkok,da_fare,1,"Zona centrale vivace di notte.
💡 Orario consigliato: dalle 9 PM in poi
https://www.instagram.com/p/Ddf8GQwD6ST/","Asok, Bangkok, Thailandia",13.737043,100.560357
Assumption Cathedral,cultura,Bangkok,da_fare,1,"💰 gratis
Principale cattedrale cattolica di Bangkok vicino al fiume.
https://www.instagram.com/p/Db4WeUHifC2/","Assumption Cathedral, Bangkok, Thailandia",13.723110,100.515140
Aura Bangkok Clinic,attivita,Bangkok,da_fare,1,"Clinica estetica per trattamenti come Botox, filler e lifting.
💡 Hanno una nuova filiale all'aeroporto di Suvarnabhumi al Gate G.
https://www.instagram.com/p/DdHUlZHjGuz/","Aura Bangkok Clinic, Bangkok, Thailandia",,
Ba Hao,nightlife,Bangkok,da_fare,1,"Bar in stile cinese vintage a Chinatown.
https://www.instagram.com/p/Dbgmxkvkc1Z/","Ba Hao, Bangkok, Thailandia",13.740249,100.514060
Ba Hao Tian Mi,cibo,Bangkok,da_fare,2,"Celebre locale a Chinatown per dolci e budini tradizionali.
Locale in zona Chinatown (Yaowarat).
https://www.instagram.com/p/DdY8MvUN0zv/
https://www.instagram.com/p/Dc8d-wRDUht/","Ba Hao Tian Mi, Bangkok, Thailandia",13.740941,100.511089
Baan Plern Jitt,cibo,Bangkok,da_fare,1,"💰 100-200 THB
Ristorante sul fiume con tavoli sopra l'acqua. Ottimo Pad Thai in stile antico con vera salsa di tamarindo.
https://www.instagram.com/p/DWodDDCjCm0/","Baan Plern Jitt, Bangkok, Thailandia",13.730971,100.463198
Baan Saen Saep,cibo,Bangkok,da_fare,1,"Caffè caratteristico situato a Bangkok.
https://www.instagram.com/p/Dbgmxkvkc1Z/","Baan Saen Saep, Bangkok, Thailandia",13.748859,100.529691
Baan Silapin,cultura,Bangkok,da_fare,2,"Casa dell'artista sul canale, famosa per gli spettacoli di marionette tradizionali.
Conosciuta come The Artist's House, offre spazi d'arte e creatività lungo il canale.
https://www.instagram.com/p/Dbgmxkvkc1Z/
https://www.instagram.com/p/DcDR1hmEalM/","Baan Silapin, Bangkok, Thailandia",,
Baan Suan Sathorn,cibo,Bangkok,da_fare,1,"Caffè giardino segreto nascosto in città con cascate, laghetti di koi e atmosfere da giungla.
💡 Si trova nel quartiere Sathorn.
https://www.instagram.com/p/DXd1dS9jL1w/","Baan Suan Sathorn, Bangkok, Thailandia",13.719355,100.551158
Bad Poutine,cibo,Bangkok,da_fare,1,"Locale dove fermarsi a mangiare durante l'itinerario a Song Wat.
https://www.instagram.com/p/DcDR1hmEalM/","Bad Poutine, Bangkok, Thailandia",,
Baibour Night Market,cibo,Bangkok,da_fare,1,"💰 economico
Nuovo mercato notturno autentico con bancarelle di cibo di strada e un ring di Muay Thai dal vivo al centro.
💡 Prendi la MRT fino a Wong Sawang e usa l'uscita 2.
https://www.instagram.com/p/DdOFJ8OTOaz/","Baibour Night Market, Bangkok, Thailandia",,
Baiyoke Sky Tower,attivita,Bangkok,da_fare,2,"Grattacielo con punto di osservazione panoramico e ristoranti.
Grattacielo panoramico situato nei pressi di Pratunam.
https://www.instagram.com/p/Db4WeUHifC2/
https://www.instagram.com/p/DdkWHIPjFXW/","Baiyoke Sky Tower, Bangkok, Thailandia",13.754406,100.540313
Bang Luang Market,cultura,Bangkok,da_fare,2,"💰 gratis
Mercato sul canale con spettacoli tradizionali e case in legno.
Mercato frequentato principalmente da locali e studenti universitari.
https://www.instagram.com/p/DTNRDjiDPQ4/
https://www.instagram.com/p/DbNnA_8jacy/","Bang Luang Market, Bangkok, Thailandia",13.730423,100.463754
Bangkok,nightlife,Bangkok,da_fare,1,"Caratterizzata da luci al neon e notti infinite.
https://www.instagram.com/p/DanDNrUicfH/","Bangkok, Thailandia",13.752494,100.493509
Bangkok Art and Culture Centre (BACC),cultura,Bangkok,da_fare,2,"💰 gratis
Centro d'arte contemporanea al coperto con mostre ed eventi.
Edificio a spirale con mostre d'arte, fotografia e multimediali sempre nuove, molto amato da artisti locali e studenti.
💡 Vicino alla fermata BTS National Stadium.
https://www.instagram.com/p/Db4WeUHifC2/
https://www.instagram.com/p/DdgcdzaE7P8/","Bangkok Art and Culture Centre (BACC), Bangkok, Thailandia",,
Bangkok Chinatown Food Crawl,cibo,Bangkok,da_fare,1,"💰 ₹800-1,800
Street food, vicoli illuminati al neon e vivace vita notturna.
https://www.instagram.com/p/DdL7u8kkyKu/","Bangkok Chinatown Food Crawl, Bangkok, Thailandia",,
Bangkok CityCity Gallery,cultura,Bangkok,da_fare,1,"Galleria d'arte contemporanea moderna.
https://www.instagram.com/p/Dbgmxkvkc1Z/","Bangkok CityCity Gallery, Bangkok, Thailandia",,
Bangkok Folk Museum,cultura,Bangkok,da_fare,1,"💰 gratis
Museo che mostra la vita tradizionale della classe media di Bangkok.
https://www.instagram.com/p/Db4WeUHifC2/","Bangkok Folk Museum, Bangkok, Thailandia",,
Bangkok Kunsthalle,cultura,Bangkok,da_fare,1,"Spazio espositivo dedicato all'arte contemporanea.
https://www.instagram.com/p/Dbgmxkvkc1Z/","Bangkok Kunsthalle, Bangkok, Thailandia",13.740300,100.514675
Bangkok National Museum,cultura,Bangkok,da_fare,2,"Principale museo nazionale per scoprire la storia e la cultura thailandese.
Museo dedicato alla storia e alla cultura thailandese.
https://www.instagram.com/p/DdY8MvUN0zv/
https://www.instagram.com/p/Dc8d-wRDUht/","Bangkok National Museum, Bangkok, Thailandia",13.758177,100.491482
Bangkok Street Food,cibo,Bangkok,da_fare,1,"💰 €20,25
⭐ voto creator: 8.5/10
📅 3 giorni
Esperienza gastronomica di strada a Bangkok tra piatti tipici, frittelle, riso saltato, dolci e frutta fresca.
💡 Chiedi il succo di mango senza ghiaccio per evitare problemi di stomaco.
https://www.instagram.com/p/Dckqz6MEzti/","Bangkok Street Food, Bangkok, Thailandia",,
Bangkok Temples,cultura,Bangkok,da_fare,1,"⭐ voto creator: 9/10
Templi straordinari della capitale, imperdibili per la cultura locale.
https://www.instagram.com/p/DcfEvGMk79d/","Bangkok Temples, Bangkok, Thailandia",,
Bangkok Tree House,alloggio,Bangkok,da_fare,1,"Eco-hotel eccezionale immerso nella natura di Bang Kachao.
https://www.instagram.com/p/Dbgmxkvkc1Z/","Bangkok Tree House, Bangkok, Thailandia",13.680469,100.585013
Bangkok to Chiang Mai Sleeper Train,trasporti,Bangkok,da_fare,1,"💰 ~26€
📅 13 ore
Treno notturno panoramico tra Bangkok e Chiang Mai, un'esperienza unica per vedere le montagne del nord all'alba.
💡 Compra il cibo prima alla stazione o portalo da casa.
💡 Porta un pile perché l'aria condizionata è fredda.
💡 Prenota su 12Go Asia con 60-90 giorni di anticipo.
💡 Scegli il letto inferiore se possibile.
⚠️ Cibo di bordo mediocre e caro, aria condizionata molto fredda.
https://www.instagram.com/p/DchRDnhCFK5/","Bangkok to Chiang Mai Sleeper Train, Bangkok, Thailandia",,
Bangkrajao,natura,Bangkok,da_fare,1,"💰 57 baht
Polmone verde di Bangkok, ideale per una fuga dalla città.
💡 Prendi la barca al molo Wat Bangna Nok.
https://www.instagram.com/p/Db5bv-Jxlup/","Bangkrajao, Bangkok, Thailandia",,
Bangsue Junction,shopping,Bangkok,da_fare,1,"Edificio rosso noto come mercato vintage nascosto, perfetto per lo shopping di abbigliamento usato e antiquariato.
https://www.instagram.com/p/DaqSEKgDGRZ/","Bangsue Junction, Bangkok, Thailandia",13.799296,100.547700
Banthat Thong,cibo,Bangkok,da_fare,2,"Vivace zona frequentata da studenti, ideale per spuntini notturni e street food.
Una delle migliori strade dello street food di Bangkok, frequentata principalmente da studenti e locali.
https://www.instagram.com/p/DXUYw2AjLLo/
https://www.instagram.com/p/DdeALM3juOC/","Banthat Thong, Bangkok, Thailandia",13.737401,100.521903
Bardo Social Bistro and Bar,nightlife,Bangkok,da_fare,2,"Bistro e bar sociale per drink o pasti.
Bistrot e bar per la cena e drink.
https://www.instagram.com/p/DdY8MvUN0zv/
https://www.instagram.com/p/Dc8d-wRDUht/","Bardo Social Bistro and Bar, Bangkok, Thailandia",,
Be Perfect Head Spa,attivita,Bangkok,da_fare,1,"⭐ voto creator: 10/10
Spa specializzata in trattamenti per la testa.
https://www.instagram.com/p/DdHUlZHjGuz/","Be Perfect Head Spa, Bangkok, Thailandia",,
Beer Republic,nightlife,Bangkok,da_fare,2,"Birreria con un'ampia selezione di birre.
Birreria.
https://www.instagram.com/p/DdY8MvUN0zv/
https://www.instagram.com/p/Dc8d-wRDUht/","Beer Republic, Bangkok, Thailandia",,
Benchasiri Park,natura,Bangkok,da_fare,1,"💰 gratis
Parco pubblico facilmente accessibile vicino alla stazione BTS.
https://www.instagram.com/p/DdoJ87gn2YS/","Benchasiri Park, Bangkok, Thailandia",13.730703,100.567515
Benjakitti Park,natura,Bangkok,da_fare,7,"💰 gratis
Parco urbano moderno con grandi specchi d'acqua.
Parco ideale per passeggiare, dotato di bellissime passerelle nel verde.
Parco naturalistico con passerelle sopraelevate e laghi.
Parco cittadino per passeggiate, corsa e bici.
Parco ideale per relax e passeggiate, facilmente raggiungibile da Asok.
Parco con laghi scenici, piste ciclabili e skyline di sfondo.
Parco per esplorare la natura e godersi la vista sulla città.
💡 Orario consigliato: 9-11 AM
https://www.instagram.com/p/DdY8MvUN0zv/
https://www.instagram.com/p/DdHUlZHjGuz/
https://www.instagram.com/p/Db4WeUHifC2/
https://www.instagram.com/p/Dc8d-wRDUht/
https://www.instagram.com/p/DdoJ87gn2YS/
https://www.instagram.com/p/Dapjpg_SG_e/
https://www.instagram.com/p/Ddf8GQwD6ST/","Benjakitti Park, Bangkok, Thailandia",13.729224,100.558521
Big Buddha,cultura,Bangkok,da_fare,1,"Importante statua e tempio raggiungibile con una crociera elettrica sui canali.
💡 Prendi una crociera elettrica sui canali per arrivare direttamente qui.
https://www.instagram.com/p/DY_vNF1S0u8/","Big Buddha, Bangkok, Thailandia",13.720069,100.470913
Bliss and Blend,cibo,Bangkok,da_fare,1,"Caffè a Song Wat che sembra il salotto di un artista.
💡 Ordina il latte freddo e ascolta i vinili.
https://www.instagram.com/p/DdeALM3juOC/","Bliss and Blend, Bangkok, Thailandia",,
Blu O Bowling & Karaoke,nightlife,Bangkok,da_fare,1,"💰 300 baht
Locale per giocare a bowling e cantare al karaoke.
https://www.instagram.com/p/DdHUlZHjGuz/","Blu O Bowling & Karaoke, Bangkok, Thailandia",,
Bubble in the Forest Cafe,cibo,Bangkok,da_fare,1,"💰 1200 baht
Caffè tropicale molto popolare e scenografico.
💡 Prenota un pacchetto in anticipo tramite Hungry Hub.
https://www.instagram.com/p/DdHUlZHjGuz/","Bubble in the Forest Cafe, Bangkok, Thailandia",13.789714,100.305939
COZI Cafe and Bar,cibo,Bangkok,da_fare,1,"Caffè e bar per pranzo o cena.
https://www.instagram.com/p/DdY8MvUN0zv/","COZI Cafe and Bar, Bangkok, Thailandia",,
Calypso Cabaret,nightlife,Bangkok,da_fare,1,"Spettacolo di cabaret tradizionale con performance artistiche.
https://www.instagram.com/p/Db4WeUHifC2/","Calypso Cabaret, Bangkok, Thailandia",13.704139,100.503396
Casa Lapin,cibo,Bangkok,da_fare,1,"Nota catena di caffè artigianali dal design accogliente.
https://www.instagram.com/p/Dbgmxkvkc1Z/","Casa Lapin, Bangkok, Thailandia",13.725594,100.538714
Central Embassy,shopping,Bangkok,da_fare,4,"Centro commerciale di lusso con food court di alto livello.
Mall di lusso noto per l'Open House e il design moderno.
Centro commerciale di lusso con marchi internazionali e food hall di design.
Centro commerciale di lusso con hotel e ristoranti di alto livello.
https://www.instagram.com/p/Db4WeUHifC2/
https://www.instagram.com/p/Dbgmxkvkc1Z/
https://www.instagram.com/p/DdeALM3juOC/
https://www.instagram.com/p/DdoJ87gn2YS/","Central Embassy, Bangkok, Thailandia",13.744010,100.546697
CentralWorld,shopping,Bangkok,da_fare,5,"Enorme centro commerciale nel cuore della città.
Enorme centro commerciale ideale per lo shopping e per sfuggire al caldo.
Enorme centro commerciale situato vicino a Pratunam.
Enorme centro commerciale in posizione centrale.
Enorme centro commerciale nel distretto di Siam.
💡 Scendi alla stazione BTS Chit Lom.
💡 Orario consigliato: 2-5 PM
https://www.instagram.com/p/Dc7Xz0_T5DF/
https://www.instagram.com/p/DcC_tleICuq/
https://www.instagram.com/p/DdkWHIPjFXW/
https://www.instagram.com/p/DdoJ87gn2YS/
https://www.instagram.com/p/Ddf8GQwD6ST/","CentralWorld, Bangkok, Thailandia",13.746577,100.539041
ChangChui Creative Park,shopping,Bangkok,da_fare,1,"Parco creativo con un grande aereo e installazioni artistiche.
https://www.instagram.com/p/Dbgmxkvkc1Z/","ChangChui Creative Park, Bangkok, Thailandia",,
Chao Phraya Dinner Cruise,attivita,Bangkok,da_fare,3,"💰 ₹1,500-3,000
Crociera con cena lungo il fiume Chao Phraya ammirando i monumenti illuminati.
Ammira templi illuminati e skyline da una crociera fluviale.
Classica serata a Bangkok con vista sullo skyline e sul fiume.
https://www.instagram.com/p/Db4WeUHifC2/
https://www.instagram.com/p/Dapjpg_SG_e/
https://www.instagram.com/p/DdL7u8kkyKu/","Chao Phraya Dinner Cruise, Bangkok, Thailandia",,
Chao Phraya River,attivita,Bangkok,da_fare,7,"💰 40 baht
Crociera sul fiume Chao Phraya per osservare la città dall'acqua.
Fiume principale, ideale da esplorare prendendo una barca.
Fiume ideale per una passeggiata sul lungo fiume all'ora del tramonto.
Crociera sul fiume con cena galleggiante e vista sullo skyline di Bangkok illuminato.
Fiume che attraversa la città, ideale per gite in barca.
Fiume principale di Bangkok, ideale per un giro in barca per ammirare i panorami.
Fai una crociera con cena per ammirare Bangkok da una prospettiva unica e vedere i punti di riferimento.
💡 Prenotabile su Get Your Guide.
💡 Prendi una barca Chao Phraya per un giro lungo o attraversa verso ICONSIAM.
💡 Prendi il battello fluviale invece del taxi per evitare il traffico.
💡 La crociera inizia solitamente alle 20:00 e dura 2,5 ore
https://www.instagram.com/p/Dc_uiassdCV/
https://www.instagram.com/p/DdY8MvUN0zv/
https://www.instagram.com/p/DbNnA_8jacy/
https://www.instagram.com/p/DafBahWk2QJ/
https://www.instagram.com/p/Dc8d-wRDUht/
https://www.instagram.com/p/DdeALM3juOC/
https://www.instagram.com/p/DdjU2oIEZG6/","Chao Phraya River, Bangkok, Thailandia",,
Chatuchak Park,natura,Bangkok,da_fare,1,"💰 gratis
Grande parco pubblico situato vicino all'omonimo mercato.
https://www.instagram.com/p/Db4WeUHifC2/","Chatuchak Park, Bangkok, Thailandia",13.808487,100.556001
Chatuchak Weekend Market,shopping,Bangkok,da_fare,7,"⭐ voto creator: 10/10
Perfetto per shopping e snack nel fine settimana.
Mercato enorme e caotico ideale per lo shopping a Bangkok.
Enorme mercato del fine settimana con migliaia di bancarelle di ogni genere.
Famoso mercato del fine settimana ideale per la moda vintage e la caccia al tesoro tra bancarelle di ogni genere.
Grande mercato del fine settimana con oggetti di design locale e articoli per la casa vintage.
Celebre mercato del fine settimana a Bangkok, ideale per lo shopping locale.
Uno dei mercati più grandi al mondo per shopping e cibo locale.
💡 Aperto il sabato o la domenica.
⚠️ Caotico
https://www.instagram.com/p/Dc7Xz0_T5DF/
https://www.instagram.com/p/DcfEvGMk79d/
https://www.instagram.com/p/Db4WeUHifC2/
https://www.instagram.com/p/DaqSEKgDGRZ/
https://www.instagram.com/p/DdeALM3juOC/
https://www.instagram.com/p/DdkWHIPjFXW/
https://www.instagram.com/p/Dapjpg_SG_e/","Chatuchak Weekend Market, Bangkok, Thailandia",13.800265,100.551123
Chenin Restaurant,cibo,Bangkok,da_fare,1,"Ristorante consigliato per pranzo e cena.
https://www.instagram.com/p/DdY8MvUN0zv/","Chenin Restaurant, Bangkok, Thailandia",,
Chinatown,cibo,Bangkok,da_fare,6,"💰 160 baht
Quartiere vibrante famoso per le sue luci al neon e la rinomata scena di street food.
Vivace quartiere cinese ottimo per lo shopping e gli snack.
Area vivace ideale per gustare cibo di strada e piatti locali a Yaowarat.
Quartiere perfetto per fare cena in una delle vivaci bancarelle su strada.
Quartiere storico sicuro e vivace, perfetto per gli amanti del cibo di strada e della cucina cinese.
Quartiere ideale per la vita notturna e lo street food.
💡 Usa la stazione MRT Wat Mangkon.
💡 Ideale per assaggiare street food e visitare templi e mercati cinesi.
💡 Orario consigliato: 8-11 PM
⚠️ Pieno di turisti
⚠️ Vita notturna scarsa, strade rustiche, molto affollato e lontano dal centro
https://www.instagram.com/p/Db0I7VekjBS/
https://www.instagram.com/p/Dc7Xz0_T5DF/
https://www.instagram.com/p/Dc_uiassdCV/
https://www.instagram.com/p/DbNnA_8jacy/
https://www.instagram.com/p/DdkWHIPjFXW/
https://www.instagram.com/p/Ddf8GQwD6ST/","Chinatown, Bangkok, Thailandia",13.740858,100.509040
Chinatown & Song Wat Road,cultura,Bangkok,da_fare,1,"Area storica tradizionale con mercati, negozi, quartieri, street food, caffè e gallerie d'arte.
💡 Vai a stomaco vuoto per provare lo street food
💡 Arriva nel pomeriggio e resta fino a sera per le luci al neon
https://www.instagram.com/p/DdjU2oIEZG6/","Chinatown & Song Wat Road, Bangkok, Thailandia",13.735649,100.513197
Citizen Tea Canteen,cibo,Bangkok,da_fare,1,"Caffè e tè artigianale.
https://www.instagram.com/p/Dbgmxkvkc1Z/","Citizen Tea Canteen, Bangkok, Thailandia",,
City Cup,cibo,Bangkok,da_fare,1,"Caffè all'undicesimo piano a Khlong Toei con vista inaspettata sullo skyline.
💡 Prendi un caffè e goditi la vista panoramica.
https://www.instagram.com/p/DdeALM3juOC/","City Cup, Bangkok, Thailandia",,
Coco Ichibanya,cibo,Bangkok,da_fare,1,"⭐ voto creator: 10/10
Catena famosa per il curry giapponese.
https://www.instagram.com/p/DctHz6bz5fn/","Coco Ichibanya, Bangkok, Thailandia",13.734104,100.528464
Coffee ano,cibo,Bangkok,da_fare,1,"💰 100bath
Posto situato nell'area di Pratunam dove gustare mango sticky rice.
https://www.instagram.com/p/DaXccAJFH9z/","Coffee ano, Bangkok, Thailandia",,
DROP BY DOUGH,cibo,Bangkok,da_fare,1,"Celebre negozio di ciambelle artigianali e caffè.
https://www.instagram.com/p/Dbgmxkvkc1Z/","DROP BY DOUGH, Bangkok, Thailandia",,
Damnoen Saduak Floating Market,attivita,Bangkok,da_fare,1,"Mercato galleggiante da visitare spostandosi su long-tail boat tra barchette di cibo e bancarelle.
💡 Spostamenti sui long-tail boat tra barchette di cibo e bancarelle.
https://www.instagram.com/p/DcfzoaKs-9v/","Damnoen Saduak Floating Market, Bangkok, Thailandia",,
Dib Bangkok,cultura,Bangkok,da_fare,1,"💰 700 baht
Museo con mostre d'arte contemporanea.
https://www.instagram.com/p/DdHUlZHjGuz/","Dib Bangkok, Bangkok, Thailandia",13.712229,100.579583
Dream World,attivita,Bangkok,da_fare,1,"Parco divertimenti a tema ideale per famiglie.
https://www.instagram.com/p/Db4WeUHifC2/","Dream World, Bangkok, Thailandia",13.990948,100.675179
Dusit Central Park,natura,Bangkok,da_fare,3,"💰 gratis
Area verde e polo commerciale.
Parco sul tetto che offre una vista differente su Lumphini.
Grande centro commerciale con viste incredibili che si affacciano sul Lumphini Park e sullo skyline.
💡 Usa BTS Sala Daeng o MRT Si Lom.
https://www.instagram.com/p/Dc7Xz0_T5DF/
https://www.instagram.com/p/Dc8d-wRDUht/
https://www.instagram.com/p/DdjU2oIEZG6/","Dusit Central Park, Bangkok, Thailandia",13.728320,100.537814
Dusit Central Park Roof Park,natura,Bangkok,da_fare,1,"Parco pensile che offre una vista dall'alto su Lumphini.
https://www.instagram.com/p/DdY8MvUN0zv/","Dusit Central Park Roof Park, Bangkok, Thailandia",,
EM MARKET,cibo,Bangkok,da_fare,1,"Food hall moderno situato all'interno di Emsphere.
https://www.instagram.com/p/DdY8MvUN0zv/","EM MARKET, Bangkok, Thailandia",,
Eagle Nest Bar,nightlife,Bangkok,da_fare,2,"💰 350-450 baht
Rooftop bar ideale per ammirare il tramonto con un cocktail.
Bar panoramico con vista ravvicinata sul Wat Arun illuminato di rosa.
💡 Prenota in anticipo.
https://www.instagram.com/p/DdHUlZHjGuz/
https://www.instagram.com/p/DdeALM3juOC/","Eagle Nest Bar, Bangkok, Thailandia",13.745218,100.490906
Ekkamai,nightlife,Bangkok,da_fare,1,"Zona trendy di Bangkok adiacente a Thonglor, ideale per ristoranti e caffè.
https://www.instagram.com/p/DcOy0ZcDDTA/","Ekkamai, Bangkok, Thailandia",13.719539,100.585111
EmQuartier,shopping,Bangkok,da_fare,3,"Moderno centro commerciale di lusso.
Moderno centro commerciale a Sukhumvit con giardino verticale.
Moderno centro commerciale a Phrom Phong con ristoranti e caffè alla moda.
💡 Scendi alla stazione BTS Phrom Phong.
https://www.instagram.com/p/Dc7Xz0_T5DF/
https://www.instagram.com/p/Db4WeUHifC2/
https://www.instagram.com/p/DdoJ87gn2YS/","EmQuartier, Bangkok, Thailandia",13.731963,100.569636
EmSphere,shopping,Bangkok,da_fare,3,"Nuovo polo per shopping e ristorazione.
Centro commerciale con negozi, opzioni di pranzo e vista panoramica.
Nuovo polo commerciale e di intrattenimento a Phrom Phong.
💡 Scendi alla stazione BTS Phrom Phong.
💡 Vai ai piani alti per esplorare o pranzare all'IKEA con vista.
https://www.instagram.com/p/Dc7Xz0_T5DF/
https://www.instagram.com/p/Dc8d-wRDUht/
https://www.instagram.com/p/DdoJ87gn2YS/","EmSphere, Bangkok, Thailandia",13.732513,100.566076
Emporium,shopping,Bangkok,da_fare,3,"Centro commerciale di alto livello.
Centro commerciale di lusso situato lungo Sukhumvit.
Centro commerciale di lusso a Phrom Phong.
💡 Scendi alla stazione BTS Phrom Phong.
https://www.instagram.com/p/Dc7Xz0_T5DF/
https://www.instagram.com/p/Db4WeUHifC2/
https://www.instagram.com/p/DdoJ87gn2YS/","Emporium, Bangkok, Thailandia",13.730199,100.568892
Entree,cibo,Bangkok,da_fare,2,"Posto per colazione e brunch.
Posto per coffee & brunch.
https://www.instagram.com/p/DdY8MvUN0zv/
https://www.instagram.com/p/Dc8d-wRDUht/","Entree, Bangkok, Thailandia",13.727832,100.530362
Erawan,shopping,Bangkok,da_fare,1,"Zona centrale per shopping di lusso e ristoranti.
https://www.instagram.com/p/DdoJ87gn2YS/","Erawan, Bangkok, Thailandia",13.744321,100.540421
Erawan Shrine,cultura,Bangkok,da_fare,3,"💰 gratis
Famoso santuario religioso all'aperto.
Famoso santuario indù all'aperto situato in una zona trafficata.
Santuario religioso situato nel distretto di Siam.
💡 Scendi alla stazione BTS Chit Lom.
💡 Orario consigliato: 2-5 PM
https://www.instagram.com/p/Dc7Xz0_T5DF/
https://www.instagram.com/p/Db4WeUHifC2/
https://www.instagram.com/p/Ddf8GQwD6ST/","Erawan Shrine, Bangkok, Thailandia",13.744321,100.540421
FRIEND FRIEND,shopping,Bangkok,da_fare,2,"Negozio al 3 piano di Emporium con articoli giapponesi, libri e cibo.
Negozio con prodotti giapponesi, cibo, articoli per la casa, libri e matcha.
https://www.instagram.com/p/DdY8MvUN0zv/
https://www.instagram.com/p/Dc8d-wRDUht/","FRIEND FRIEND, Bangkok, Thailandia",13.827732,100.568764
Featherstone Bistro Café & Lifestyle Shop,cibo,Bangkok,da_fare,1,"Caffè e lifestyle shop dall'atmosfera unica.
https://www.instagram.com/p/Dbgmxkvkc1Z/","Featherstone Bistro Café & Lifestyle Shop, Bangkok, Thailandia",,
Find The Locker Room,nightlife,Bangkok,da_fare,1,"Uno dei famosi bar nascosti in stile speakeasy di Bangkok.
https://www.instagram.com/p/DdHUlZHjGuz/","Find The Locker Room, Bangkok, Thailandia",13.733386,100.582544
Floating Market + Maeklong Railway,cultura,Bangkok,da_fare,1,"💰 ₹1,500-3,000
Divertente e facile gita culturale diurna con scenari celebri.
https://www.instagram.com/p/DdL7u8kkyKu/","Floating Market + Maeklong Railway, Bangkok, Thailandia",,
Floral Café at Napasorn,cibo,Bangkok,da_fare,1,"Caffè floreale nascosto a Bangkok.
https://www.instagram.com/p/Dbgmxkvkc1Z/","Floral Café at Napasorn, Bangkok, Thailandia",,
Flower Market,shopping,Bangkok,da_fare,1,"Vivace mercato dei fiori della città.
https://www.instagram.com/p/Dc7Xz0_T5DF/","Flower Market, Bangkok, Thailandia",13.742079,100.496444
Fo Sho Bro,cibo,Bangkok,da_fare,1,"Caffè dal design particolare a Bangkok.
https://www.instagram.com/p/Dbgmxkvkc1Z/","Fo Sho Bro, Bangkok, Thailandia",,
Fowlmouth,cibo,Bangkok,da_fare,2,"Locale per pranzo o cena all'interno del food hall.
Ristorante casual, presente al The Commons Saladaeng.
https://www.instagram.com/p/DdY8MvUN0zv/
https://www.instagram.com/p/Dc8d-wRDUht/","Fowlmouth, Bangkok, Thailandia",13.726097,100.538540
Garçon Dept.,shopping,Bangkok,da_fare,1,"Lifestyle store con una vasta gamma di brand thailandesi che spaziano oltre la sola moda.
💡 Presente a Siam Square, Songwat e con un nuovo punto a Central World.
https://www.instagram.com/p/DajrQJkASZE/","Garçon Dept., Bangkok, Thailandia",,
Giant Swing,cultura,Bangkok,da_fare,1,"Massiccia struttura rossa di fronte a Wat Suthat, usata in passato per un pericoloso rituale braminico.
https://www.instagram.com/p/DdqGThgk7As/","Giant Swing, Bangkok, Thailandia",13.751814,100.501278
Go-Ang Pratunam,cibo,Bangkok,da_fare,1,"Famoso per il khao man gai. Da visitare esclusivamente nella sede originale in stile shophouse.
💡 Visita solo la sede originale in stile shophouse.
https://www.instagram.com/p/DXUYw2AjLLo/","Go-Ang Pratunam, Bangkok, Thailandia",13.749640,100.542086
Golden Dome Cabaret,nightlife,Bangkok,da_fare,1,"Famoso spettacolo di cabaret con costumi sfarzosi.
https://www.instagram.com/p/Db4WeUHifC2/","Golden Dome Cabaret, Bangkok, Thailandia",,
Grand Alpine Hotel,alloggio,Bangkok,da_fare,1,"💰 Rp 3,843,178 per 7 notti
📅 7 giorni
Hotel spazioso in zona Pratunam, vicino a mercati, cibo di strada e negozi di vestiti.
💡 L'hotel si trova vicino a un 7-Eleven e a Pratunam Market.
⚠️ Posizione interna difficile da raggiungere in auto, bagno senza divisori tra doccia e water.
https://www.instagram.com/p/DZ7Li3nlFiz/","Grand Alpine Hotel, Bangkok, Thailandia",,
Grand Palace,cultura,Bangkok,da_fare,15,"💰 500 THB
Il cuore della regalità e dell'architettura thailandese, ideale per fare un tuffo nella storia.
Importante complesso monumentale e tempio buddista imperdibile nel centro storico.
Complesso di edifici storici ed ex residenza reale, imperdibile.
Storico complesso di edifici nel quartiere Old Town, imperdibile attrazione culturale di Bangkok.
Storico palazzo reale, icona della cultura e dell'architettura thailandese.
Complesso di palazzi storici, imperdibile a Bangkok.
Residenza reale e tempio del Buddha di Smeraldo, imperdibile per la prima volta a Bangkok.
Complesso di edifici storici e palazzo reale, tappa classica imperdibile.
Maestoso complesso di edifici reali situato nella zona del fiume.
Storico punto di riferimento culturale nella Città Vecchia.
Iconico complesso reale con architettura mozzafiato e secoli di storia.
Famoso complesso di palazzi e templi reali. Attenzione alle truffe fuori dall'ingresso che dicono sia chiuso.
Complesso reale e templi splendidi da esplorare.
Complesso di edifici storici che custodisce una rete sotterranea di tunnel di fuga fatti costruire da Re Rama V.
Complesso di palazzi storici e templi reali, imperdibile attrazione culturale a Bangkok.
💡 Visitalo raggruppando le attrazioni della Old Town per evitare spostamenti inutili.
💡 Arriva presto la mattina.
💡 Vestiti in modo appropriato.
💡 Cammina fino all'ingresso ufficiale per verificare di persona gli orari di apertura.
💡 Non dare retta a chi sostiene sia chiuso per cerimonie speciali.
💡 Orario consigliato: 8-10 AM
💡 Go early to avoid crowds.
💡 Cover shoulders and knees; audio guides
⚠️ Affollato, presenza di truffatori fuori dall'ingresso.
https://www.instagram.com/p/Db0I7VekjBS/
https://www.instagram.com/p/Dc7Xz0_T5DF/
https://www.instagram.com/p/Db4WeUHifC2/
https://www.instagram.com/p/DcOy0ZcDDTA/
https://www.instagram.com/p/DcC_tleICuq/
https://www.instagram.com/p/DbcwWCQExbh/
https://www.instagram.com/p/DbNnA_8jacy/
https://www.instagram.com/p/DdeALM3juOC/
https://www.instagram.com/p/DdkWHIPjFXW/
https://www.instagram.com/p/DdoJ87gn2YS/
https://www.instagram.com/p/Dapjpg_SG_e/
https://www.instagram.com/p/DdowgYmDrkm/
https://www.instagram.com/p/Ddf8GQwD6ST/
https://www.instagram.com/p/DdqGThgk7As/
https://www.instagram.com/p/DdodUpvGgiM/","Grand Palace, Bangkok, Thailandia",13.749351,100.491864
Grand Palace & Wat Phra Kaew,cultura,Bangkok,da_fare,1,"💰 500 THB
Magnifico complesso e antica residenza reale, sede del Buddha di Smeraldo. Imperdibile per i viaggiatori.
💡 Prendi il BTS fino a Saphan Taksin, poi una barca per Tha Chang Pier o un taxi/Grab.
https://www.instagram.com/p/DdLO3JcGI9Q/","Grand Palace & Wat Phra Kaew, Bangkok, Thailandia",,
Grand Palace + Wat Pho + Wat Arun,cultura,Bangkok,da_fare,1,"💰 ₹1,500-3,000
📅 1 giorno
Il circuito dei templi più iconici di Bangkok in un solo giorno.
https://www.instagram.com/p/DdL7u8kkyKu/","Grand Palace + Wat Pho + Wat Arun, Bangkok, Thailandia",,
Green Bridge,attivita,Bangkok,da_fare,2,"💰 gratis
Ponte pedonale e ciclabile che collega Lumphini Park e Benjakitti Park.
Ponte pedonale e ciclabile che collega il Lumphini Park e il Benjakitti Park.
https://www.instagram.com/p/DdY8MvUN0zv/
https://www.instagram.com/p/Dc8d-wRDUht/","Green Bridge, Bangkok, Thailandia",,
HEX BAR,nightlife,Bangkok,da_fare,1,"Bar a tema ispirato ad Harry Potter.
https://www.instagram.com/p/DdY8MvUN0zv/","HEX BAR, Bangkok, Thailandia",,
Hero Izakaya Ari,cibo,Bangkok,da_fare,1,"Izakaya a tema anime circondata da figure di Ultraman e altri eroi d'infanzia.
💡 Si trova a Soi Phahon Yothin 7, vicino alla fermata BTS Ari.
https://www.instagram.com/p/DXd1dS9jL1w/","Hero Izakaya Ari, Bangkok, Thailandia",,
Hia Tai Kee,cibo,Bangkok,da_fare,1,"💰 100 THB
Storica caffetteria situata vicino a un incrocio trafficato. Ottima atmosfera per gustare caffè, uova e toast in un vecchio quartiere.
💡 Aperto dalle 6:00 alle 14:30 (fino alle 12:30 la domenica)
https://www.instagram.com/p/DdYplwhPizF/","Hia Tai Kee, Bangkok, Thailandia",,
Hidden Bangkok Bistro,cibo,Bangkok,da_fare,1,"Bistro nascosto in un vicolo tranquillo con vista diretta sul Buddha d'oro gigante. Prendi un caffè thailandese.
💡 Controlla Instagram per gli orari di apertura.
https://www.instagram.com/p/DWodDDCjCm0/","Hidden Bangkok Bistro, Bangkok, Thailandia",13.721533,100.471676
Hidden Bangkok Longtail Boat Ride,attivita,Bangkok,da_fare,1,"Canali pacifici di Bangkok per scoprire una parte nascosta della città.
https://www.instagram.com/p/Dapjpg_SG_e/","Hidden Bangkok Longtail Boat Ride, Bangkok, Thailandia",,
Hide. Selected,shopping,Bangkok,da_fare,1,"Negozio con selezione curata di brand locali thailandesi nell'area di Ari.
💡 Combina la visita con altri posti nella zona di Ari.
⚠️ Leggermente lontano se alloggiate in centro.
https://www.instagram.com/p/DajrQJkASZE/","Hide. Selected, Bangkok, Thailandia",,
Hong Sieng Kong,cibo,Bangkok,da_fare,2,"Enorme caffè e spazio culturale affacciato sul fiume Chao Phraya.
Caffè storico restaurato sul fiume, ricco di antiquariato e con uno dei cortili più fotogenici di Bangkok.
https://www.instagram.com/p/Dbgmxkvkc1Z/
https://www.instagram.com/p/DaqSEKgDGRZ/","Hong Sieng Kong, Bangkok, Thailandia",13.734751,100.511558
ICONSIAM,shopping,Bangkok,da_fare,12,"Filiale DHL situata all'interno del centro commerciale ICONSIAM.
Moderno centro commerciale e gastronomico di livello mondiale situato lungo il fiume Chao Phraya.
Lussuoso centro commerciale sul fiume.
Lussuoso centro commerciale sul fiume con mercato galleggiante interno.
Enorme centro commerciale sul fiume con mercato galleggiante al coperto.
Grandioso e attrattivo centro commerciale, perfetto per le giornate calde.
Enorme centro commerciale sul fiume con mercato galleggiante coperto e cibo locale.
Grande centro commerciale lungo il fiume.
Enorme centro commerciale di lusso sul fiume Chao Phraya con mercato coperto.
Grande centro commerciale sul fiume con cascata interna e SookSiam, un'area in stile mercato galleggiante.
Più di un centro commerciale, destinazione per shopping, cibo e viste sul fiume.
💡 Prendi la barca da Sathorn Pier.
💡 Attraversa il fiume per veder la città dall'altra sponda.
💡 Raggiungibile tramite BTS e barca navetta gratuita.
💡 Orario consigliato: 2-4 PM
https://www.instagram.com/p/Dc0rKyZzVgF/
https://www.instagram.com/p/Db0I7VekjBS/
https://www.instagram.com/p/Dc7Xz0_T5DF/
https://www.instagram.com/p/Db4WeUHifC2/
https://www.instagram.com/p/Dbgmxkvkc1Z/
https://www.instagram.com/p/DcC_tleICuq/
https://www.instagram.com/p/DaU6MEYidg_/
https://www.instagram.com/p/Dc8d-wRDUht/
https://www.instagram.com/p/DdoJ87gn2YS/
https://www.instagram.com/p/DdgcdzaE7P8/
https://www.instagram.com/p/Dapjpg_SG_e/
https://www.instagram.com/p/Ddf8GQwD6ST/","ICONSIAM, Bangkok, Thailandia",13.726823,100.510294
Jay Fai,cibo,Bangkok,da_fare,1,"Leggenda dello street food famoso per la frittata di granchio cotta a carbone.
https://www.instagram.com/p/DdeALM3juOC/","Jay Fai, Bangkok, Thailandia",13.752534,100.504737
"Je Kung Khao Lam, Prannok Market",cibo,Bangkok,da_fare,1,"Banco al mercato che vende dessert unici a base di riso appiccicoso al cocco racchiusi nel bambù.
💡 Aperto tutti i giorni dalle 09:00 alle 15:00.
https://www.instagram.com/p/Db5hsA4hxP6/","Je Kung Khao Lam, Prannok Market, Bangkok, Thailandia",,
Jek Pui & Ouan Pochana,cibo,Bangkok,da_fare,1,"Chinatown street food famoso per il curry in stile musical chairs e la zuppa di noodle pepata guay jub.
https://www.instagram.com/p/DXUYw2AjLLo/","Jek Pui & Ouan Pochana, Bangkok, Thailandia",,
Jek Pui Curry,cibo,Bangkok,da_fare,2,"Famoso chiosco di curry in un vicolo di China Town senza tavoli, solo sgabelli.
Storica bancarella di curry con servizio all'aperto.
💡 Aperto solo dalle 14 alle 19:30.
💡 Usa un secondo sgabello come tavolino se sei fortunato.
⚠️ Non ci sono tavoli, flusso continuo di persone, bisogna mangiare velocemente.
https://www.instagram.com/p/DM7KqqoyU8t/
https://www.instagram.com/p/DNFdBylyZQt/","Jek Pui Curry, Bangkok, Thailandia",13.743827,100.509142
Jeng Noodle Thai Food & Vegetarian,cibo,Bangkok,da_fare,1,"Ristorante a Bangkok consigliato per opzioni vegetariane e piatti di noodle.
https://www.instagram.com/p/DTsQdwkDOgp/","Jeng Noodle Thai Food & Vegetarian, Bangkok, Thailandia",,
Jim Thompson House,cultura,Bangkok,da_fare,2,"Complesso di case tradizionali in teak dell'imprenditore americano Jim Thompson.
Museo che ospita la collezione d'arte dell'imprenditore americano Jim Thompson in case tradizionali thailandesi.
https://www.instagram.com/p/Db4WeUHifC2/
https://www.instagram.com/p/DdeALM3juOC/","Jim Thompson House, Bangkok, Thailandia",13.749227,100.528281
Jodd Fairs,cibo,Bangkok,da_fare,2,"💰 250-400 baht
Vivace mercato notturno perfetto per provare lo street food.
Popolare mercato notturno famoso per lo street food e l'atmosfera.
https://www.instagram.com/p/DdHUlZHjGuz/
https://www.instagram.com/p/Db4WeUHifC2/","Jodd Fairs, Bangkok, Thailandia",13.768168,100.570918
Jodd Fairs Ratchada,shopping,Bangkok,da_fare,1,"Night market con streetwear, birra artigianale e oltre 1.500 bancarelle.
https://www.instagram.com/p/DdeALM3juOC/","Jodd Fairs Ratchada, Bangkok, Thailandia",13.768168,100.570918
Jurassic World: The Experience,attivita,Bangkok,da_fare,1,"💰 Da 679 baht
Esperienza immersiva a tema Jurassic World.
💡 Prenota in anticipo.
https://www.instagram.com/p/DdHUlZHjGuz/","Jurassic World: The Experience, Bangkok, Thailandia",,
K. Panich,cibo,Bangkok,da_fare,2,"💰 120bath
⭐ voto creator: 7/10
Negozio tradizionale di mango sticky rice nella Old Town, vicino a Sao Chingcha, riconosciuto dalla Guida Michelin.
Posto storico di mango sticky rice, ma il mango era piuttosto aspro mentre riso e latte di cocco erano ok.
⚠️ Niente di speciale rispetto ad altri.
https://www.instagram.com/p/DctChD3T0si/
https://www.instagram.com/p/DaXccAJFH9z/","K. Panich, Bangkok, Thailandia",13.752084,100.498382
Kha Moo Tee Sam,cibo,Bangkok,da_fare,1,"Locale poco visibile dalla strada ma famoso per lo squisito stinco di maiale.
https://www.instagram.com/p/DNFdBylyZQt/","Kha Moo Tee Sam, Bangkok, Thailandia",,
Khao Moo Daeng Si Morakot,cibo,Bangkok,da_fare,1,"💰 60-70 THB
Storico locale per khao moo daeng con maiale croccante, salsiccia cinese e uova in un'atmosfera locale.
💡 Aperto dalle 9:30 alle 16:00
https://www.instagram.com/p/DdlhnKpv2cn/","Khao Moo Daeng Si Morakot, Bangkok, Thailandia",,
Khao San Road,nightlife,Bangkok,da_fare,6,"💰 Gratis
⭐ voto creator: 4/10
Famosa strada di Bangkok animata da locali, musica e bancarelle.
La strada più famosa di Bangkok, caratterizzata da una vita notturna frenetica e un'atmosfera molto energica.
Famosa strada di Bangkok, divertente da provare una volta ma senza esagerare.
Zona celebre per la vita notturna e i backpacker, con alloggi economici e street food.
Zona di vita notturna molto animata.
Vivace via dei backpacker con bar, negozi di massaggi e cibo di strada.
💡 Preparati a usare i taxi tuk-tuk per spostarti.
💡 Orario consigliato: 8-11 PM
💡 Lively at night with bars, massage shops and backpacker street food.
⚠️ Molto affollato, rumoroso, non ideale per famiglie, assenza di mezzi pubblici
https://www.instagram.com/p/Dcaq-KBskod/
https://www.instagram.com/p/Db0I7VekjBS/
https://www.instagram.com/p/DcfEvGMk79d/
https://www.instagram.com/p/DdkWHIPjFXW/
https://www.instagram.com/p/Ddf8GQwD6ST/
https://www.instagram.com/p/DdodUpvGgiM/","Khao San Road, Bangkok, Thailandia",13.758905,100.497275
Khao-So-i,cibo,Bangkok,da_fare,1,"💰 Da 159 baht
Ristorante dove gustare ottimi piatti tradizionali.
https://www.instagram.com/p/DdHUlZHjGuz/","Khao-So-i, Bangkok, Thailandia",,
Khlong Bang Luang,cultura,Bangkok,da_fare,3,"Storica passerella in legno con bancarelle d'arte vintage e caffè locali lungo il canale in un'atmosfera autentica.
Caratteristico quartiere sui canali nella zona di Thonburi con atmosfera locale.
Comunità sul canale caratterizzata da case in legno, vita locale e un'atmosfera molto rilassata.
https://www.instagram.com/p/DWodDDCjCm0/
https://www.instagram.com/p/DcOy0ZcDDTA/
https://www.instagram.com/p/DcDR1hmEalM/","Khlong Bang Luang, Bangkok, Thailandia",13.730423,100.463754
Khlong Lat Mayom Floating Market,cibo,Bangkok,da_fare,2,"💰 gratis
Caratteristico mercato galleggiante perfetto per cibo locale.
Mercato galleggiante poco turistico ideale per esplorare quartieri meno centrali.
💡 Raggiungibile con BMA Feeder attivo il sabato e la domenica.
https://www.instagram.com/p/Dcv3smVyQej/
https://www.instagram.com/p/DbNnA_8jacy/","Khlong Lat Mayom Floating Market, Bangkok, Thailandia",13.761079,100.415700
Khlong Toie,shopping,Bangkok,da_fare,1,"Mercato che offre un'esperienza più autentica e locale.
https://www.instagram.com/p/DcC_tleICuq/","Khlong Toie, Bangkok, Thailandia",13.711221,100.560935
Khua Kling Pak Sod,cibo,Bangkok,da_fare,1,"Ristorante specializzato in cucina piccante in stile meridionale.
https://www.instagram.com/p/DdeALM3juOC/","Khua Kling Pak Sod, Bangkok, Thailandia",13.728818,100.579195
Kian An Keng Shrine,cultura,Bangkok,da_fare,1,"Santuario storico cinese situato nel quartiere Kudi Chin.
https://www.instagram.com/p/DcDR1hmEalM/","Kian An Keng Shrine, Bangkok, Thailandia",,
King Power Mahanakhon,attivita,Bangkok,da_fare,9,"💰 35€
Grattacielo con piattaforma di vetro trasparente a 300 metri d'altezza, ideale per brividi e vista panoramica.
Punto panoramico più alto della Thailandia con skywalk in vetro e vista mozzafiato.
Piattaforma panoramica situata al 78esimo piano con una lastra di vetro da attraversare e viste incomparabili.
Grattacielo con osservatorio panoramico a 360 gradi.
Piattaforma di osservazione panoramica con pavimento in vetro.
Grattacielo con osservatorio a 360 gradi sulla città.
Piattaforma panoramica situata a Silom con vista sulla città.
Grattacielo iconico a Silom con celebri rooftop bar e vista panoramica.
Piattaforma panoramica per ammirare il tramonto e la skyline di Bangkok.
💡 Le prime volte sulla piattaforma di vetro trasparente fanno mancare il respiro
💡 Prenota online per evitare la coda all'arrivo.
💡 Vai al tramonto per goderti al meglio l'esperienza.
💡 Orario consigliato: 6-8 PM
⚠️ Costoso e affollato
https://www.instagram.com/p/DciamsdI8Ne/
https://www.instagram.com/p/DRTygyZjKyM/
https://www.instagram.com/p/Db0I7VekjBS/
https://www.instagram.com/p/DdY8MvUN0zv/
https://www.instagram.com/p/Db4WeUHifC2/
https://www.instagram.com/p/Dc8d-wRDUht/
https://www.instagram.com/p/DdkWHIPjFXW/
https://www.instagram.com/p/DdoJ87gn2YS/
https://www.instagram.com/p/Ddf8GQwD6ST/","King Power Mahanakhon, Bangkok, Thailandia",13.723407,100.528223
King Prajadhipok Museum,cultura,Bangkok,da_fare,1,"💰 gratis
Museo dedicato al settimo re della dinastia Chakri e alla democrazia.
https://www.instagram.com/p/Db4WeUHifC2/","King Prajadhipok Museum, Bangkok, Thailandia",13.756097,100.506438
Kinjai Contemporary,cultura,Bangkok,da_fare,1,"Spazio culturale per mostre ed eventi artistici.
https://www.instagram.com/p/Dbgmxkvkc1Z/","Kinjai Contemporary, Bangkok, Thailandia",,
Koh Kret,natura,Bangkok,da_fare,1,"💰 gratis
Piccola isola sul fiume Chao Phraya famosa per la ceramica Mon.
💡 Raggiungibile con un traghetto quasi gratis.
https://www.instagram.com/p/DTNRDjiDPQ4/","Koh Kret, Bangkok, Thailandia",13.908808,100.479395
Krua Apsorn,cibo,Bangkok,da_fare,1,"Ristorante locale e di tradizione noto per il curry di granchio e il granchio saltato con pepe.
https://www.instagram.com/p/DdeALM3juOC/","Krua Apsorn, Bangkok, Thailandia",13.755241,100.501761
Kudi Chin,cultura,Bangkok,da_fare,3,"💰 gratis
Antico quartiere con case colorate, forni storici e una cultura unica thai-portoghese.
Storica comunità sul fiume con un mix di eredità thailandese, cinese, portoghese e musulmana. Da provare il dolce tipico Khanom Farang Kudi Chin.
Comunità portoghese-cattolica sul fiume risalente a 300 anni fa.
https://www.instagram.com/p/DTNRDjiDPQ4/
https://www.instagram.com/p/DcDR1hmEalM/
https://www.instagram.com/p/DdeALM3juOC/","Kudi Chin, Bangkok, Thailandia",13.738884,100.493104
Lamaya Rooftop,nightlife,Bangkok,da_fare,1,"💰 Minimo 1000 baht
Rooftop bar con cocktail e vista panoramica.
https://www.instagram.com/p/DdHUlZHjGuz/","Lamaya Rooftop, Bangkok, Thailandia",,
Lanzhou noodle,cibo,Bangkok,da_fare,1,"Ottimi noodle cinesi, si trova anche a Chiang Mai e Pattaya.
https://www.instagram.com/p/DNFdBylyZQt/","Lanzhou noodle, Bangkok, Thailandia",,
Le Du,cibo,Bangkok,da_fare,1,"Ristorante che offre un menu degustazione thailandese stagionale.
https://www.instagram.com/p/DdeALM3juOC/","Le Du, Bangkok, Thailandia",13.725058,100.529305
Lebua State Tower,nightlife,Bangkok,da_fare,2,"💰 Gin tonic Roku 40€
Famoso rooftop bar al 63° piano, noto per essere stato set di Una notte da leoni 2.
Celebre hotel di lusso noto come l'hotel del film 'Una notte da leoni', con accesso allo Sky Bar.
https://www.instagram.com/p/DcfzoaKs-9v/
https://www.instagram.com/p/DdeALM3juOC/","Lebua State Tower, Bangkok, Thailandia",13.721514,100.516885
Lhong 1919,cultura,Bangkok,da_fare,1,"Antico complesso portuale cinese restaurato sul fiume.
https://www.instagram.com/p/Dbgmxkvkc1Z/","Lhong 1919, Bangkok, Thailandia",13.734335,100.507582
Lim Lao Ngow,cibo,Bangkok,da_fare,1,"Storico locale attivo da oltre 80 anni specializzato in noodles con polpette di pesce.
💡 Ordina in versione asciutta (dry style).
https://www.instagram.com/p/DXUYw2AjLLo/","Lim Lao Ngow, Bangkok, Thailandia",13.737391,100.510133
Linecense,shopping,Bangkok,da_fare,1,"Negozio locale a Songwat che vende magliette, tote bag, adesivi, stampe d'arte e cartoline da spedire.
💡 Puoi comprare cartoline e spedirle in tutto il mondo direttamente dal negozio.
https://www.instagram.com/p/DajrQJkASZE/","Linecense, Bangkok, Thailandia",,
Loft Eyes,shopping,Bangkok,da_fare,1,"Multi-brand store curato per uomo e donna con esposizione minimalista ordinata per colore.
💡 Presente nelle zone di Siam Square e Thonglor.
https://www.instagram.com/p/DajrQJkASZE/","Loft Eyes, Bangkok, Thailandia",,
Louis Vuitton Museum,cultura,Bangkok,da_fare,2,"Spazio espositivo e culturale legato al celebre marchio di moda.
Spazio espositivo ed esperienziale di Louis Vuitton.
💡 Orario consigliato: 2-5 PM
https://www.instagram.com/p/Db4WeUHifC2/
https://www.instagram.com/p/Ddf8GQwD6ST/","Louis Vuitton Museum, Bangkok, Thailandia",,
Lucky Home Samrong,shopping,Bangkok,da_fare,1,"Negozio di antiquariato situato appena fuori Bangkok, ideale per trovare pezzi unici e curiosità.
https://www.instagram.com/p/DaqSEKgDGRZ/","Lucky Home Samrong, Bangkok, Thailandia",13.645562,100.592305
Lumpini Park,natura,Bangkok,da_fare,10,"💰 gratis
Storico e grande parco pubblico cittadino.
Storico parco cittadino nel cuore di Bangkok.
Parco pubblico all'aperto, ideale per rilassarsi e camminare nel verde.
Grande parco cittadino ideale per rilassarsi nel verde.
Polmone verde della città con palme, laghetto e grattacieli sullo sfondo, ideale per una pausa slow.
Storico parco cittadino ideale per passeggiate, corsa o giri in bicicletta.
Grande parco pubblico situato nel quartiere di Silom.
Storico parco cittadino a Silom, ottimo per passeggiate e relax.
Oasi verde dove rilassarsi e avvistare i famosi varani giganti.
Parco cittadino per passeggiate e relax.
💡 Usa BTS Sala Daeng o MRT Si Lom.
💡 Orario consigliato: 9-11 AM insieme a Benjakitti Park
https://www.instagram.com/p/Dc7Xz0_T5DF/
https://www.instagram.com/p/DdY8MvUN0zv/
https://www.instagram.com/p/Db4WeUHifC2/
https://www.instagram.com/p/DcC_tleICuq/
https://www.instagram.com/p/DafBahWk2QJ/
https://www.instagram.com/p/Dc8d-wRDUht/
https://www.instagram.com/p/DdkWHIPjFXW/
https://www.instagram.com/p/DdoJ87gn2YS/
https://www.instagram.com/p/Dapjpg_SG_e/
https://www.instagram.com/p/Ddf8GQwD6ST/","Lumpini Park, Bangkok, Thailandia",13.730600,100.541538
MBK,shopping,Bangkok,da_fare,4,"💰 80 bahts
Centro commerciale dove acquistare custodie per passaporto personalizzate con nome e logo.
Grande centro commerciale raggiungibile con il BTS.
Celebre centro commerciale economico, ottimo per souvenir e abbigliamento.
Storico centro commerciale di Bangkok ideale per lo shopping.
💡 Scendi alla stazione BTS National Stadium.
https://www.instagram.com/p/DcntsffTwph/
https://www.instagram.com/p/Dc7Xz0_T5DF/
https://www.instagram.com/p/Db4WeUHifC2/
https://www.instagram.com/p/DdkWHIPjFXW/","MBK, Bangkok, Thailandia",13.744715,100.529916
MOCA Bangkok,cultura,Bangkok,da_fare,3,"Museo d'arte contemporanea con collezioni straordinarie.
Museo d'arte contemporanea con una vasta collezione thailandese.
Museo di arte contemporanea thailandese.
https://www.instagram.com/p/DdY8MvUN0zv/
https://www.instagram.com/p/Db4WeUHifC2/
https://www.instagram.com/p/Dc8d-wRDUht/","MOCA Bangkok, Bangkok, Thailandia",13.851915,100.562586
MRT Bang Khun Non Station,trasporti,Bangkok,da_fare,1,"Punto di partenza ideale (Exit 2) per prendere il bus elettrico gratuito per i mercati galleggianti.
💡 Usa l'uscita 2 per trovare la coincidenza.
https://www.instagram.com/p/Dcv3smVyQej/","MRT Bang Khun Non Station, Bangkok, Thailandia",,
MTCH,cibo,Bangkok,da_fare,2,"Specializzato in matcha, ottimo per una pausa.
Locale specializzato in matcha in zona Ari.
https://www.instagram.com/p/DdY8MvUN0zv/
https://www.instagram.com/p/Dc8d-wRDUht/","MTCH, Bangkok, Thailandia",13.745947,100.535174
Maaterr,cibo,Bangkok,da_fare,1,"💰 Da 140 baht
Posto dove mangiare piatti tipici e specialità locali.
https://www.instagram.com/p/DdHUlZHjGuz/","Maaterr, Bangkok, Thailandia",,
Madame Tussauds Bangkok,attivita,Bangkok,da_fare,1,"Museo delle cere con statue di personaggi famosi.
https://www.instagram.com/p/Db4WeUHifC2/","Madame Tussauds Bangkok, Bangkok, Thailandia",,
Mae Varee,cibo,Bangkok,da_fare,2,"⭐ voto creator: 6/10
Famoso e trendy negozio di mango sticky rice a Thong Lor, noto per essere diventato virale e per le collaborazioni con vari brand.
Famoso per il mango sticky rice, porzione molto abbondante ma mango aspro e riso poco compatto.
⚠️ Porzione grande ma gusto deludente.
https://www.instagram.com/p/DctChD3T0si/
https://www.instagram.com/p/DaXccAJFH9z/","Mae Varee, Bangkok, Thailandia",13.723972,100.579330
Maeklong Railway Market,attivita,Bangkok,da_fare,1,"Mercato con bancarelle sui binari dove i venditori spostano tende e teli al passaggio del treno.
💡 I venditori spostano tende e teli in pochi secondi al passaggio del treno.
https://www.instagram.com/p/DcfzoaKs-9v/","Maeklong Railway Market, Bangkok, Thailandia",,
Maha Rat Road,cibo,Bangkok,da_fare,1,"Via popolare ricca di food court e bancarelle di street food.
https://www.instagram.com/p/DbNnA_8jacy/","Maha Rat Road, Bangkok, Thailandia",13.754548,100.489570
Mahanakhon Eatery,cibo,Bangkok,da_fare,1,"💰 20€
Ristorante dove pranzare durante la visita al grattacielo.
https://www.instagram.com/p/DciamsdI8Ne/","Mahanakhon Eatery, Bangkok, Thailandia",,
Mahanakhon Glass Skywalk,attivita,Bangkok,da_fare,1,"Cammina su pavimento di vetro a quasi 300 metri per viste panoramiche.
https://www.instagram.com/p/Dapjpg_SG_e/","Mahanakhon Glass Skywalk, Bangkok, Thailandia",,
Makkasan,trasporti,Bangkok,da_fare,1,"Stazione di scambio per effettuare il transito verso la linea blu della MRT.
💡 Scendi qui per trasferirti alla stazione Phetchaburi della MRT.
https://www.instagram.com/p/Dc3vJ-YITxH/","Makkasan, Bangkok, Thailandia",13.750909,100.561143
Mandarin Oriental Bangkok,alloggio,Bangkok,da_fare,1,"Hotel di lusso e punto di ristoro tra i preferiti della zona.
https://www.instagram.com/p/DcC_tleICuq/","Mandarin Oriental Bangkok, Bangkok, Thailandia",13.723885,100.514155
McDonald's,cibo,Bangkok,da_fare,1,"💰 7€
Tappa per un pasto notturno.
https://www.instagram.com/p/DcfzoaKs-9v/","McDonald's, Bangkok, Thailandia",13.828544,100.568660
Mezban,cibo,Bangkok,da_fare,1,"⭐ voto creator: 10/10
Ristorante segnalato tra i migliori luoghi dove mangiare.
https://www.instagram.com/p/DctHz6bz5fn/","Mezban, Bangkok, Thailandia",,
Mixt Chatuchak,shopping,Bangkok,da_fare,1,"Filiale DHL situata presso il centro commerciale Mixt Chatuchak.
https://www.instagram.com/p/Dc0rKyZzVgF/","Mixt Chatuchak, Bangkok, Thailandia",,
Mother Roaster,cibo,Bangkok,da_fare,2,"Caffè di specialità gestito da una celebre barista anziana a Talat Noi.
Caffetteria in un edificio sul fiume a Talat Noi con patina autentica.
💡 Ordina il caffè filtrato monorigine.
https://www.instagram.com/p/Dbgmxkvkc1Z/
https://www.instagram.com/p/DdeALM3juOC/","Mother Roaster, Bangkok, Thailandia",13.732996,100.512310
Muang Boran,cultura,Bangkok,da_fare,1,"Parco museale all'aperto che riproduce i monumenti storici della Thailandia.
https://www.instagram.com/p/Dbgmxkvkc1Z/","Muang Boran, Bangkok, Thailandia",13.546301,100.630998
Museum Siam,cultura,Bangkok,da_fare,2,"Museo interattivo sulla storia e l'identità nazionale thailandese.
Museo interattivo sulla storia e l'identità thailandese.
https://www.instagram.com/p/Db4WeUHifC2/
https://www.instagram.com/p/Dbgmxkvkc1Z/","Museum Siam, Bangkok, Thailandia",13.743994,100.493852
My Darling,cibo,Bangkok,da_fare,2,"💰 8€
Ristorante situato in zona Khao San Road dove cenare.
Posto dove cenare durante il tour dei mercati.
https://www.instagram.com/p/Dcaq-KBskod/
https://www.instagram.com/p/DcfzoaKs-9v/","My Darling, Bangkok, Thailandia",13.759384,100.497866
Nai Ek Roll Noodle,cibo,Bangkok,da_fare,1,"Ristorante stellato situato a Chinatown.
https://www.instagram.com/p/DTsQdwkDOgp/","Nai Ek Roll Noodle, Bangkok, Thailandia",13.724061,100.528657
Nai Mong Hoi Thod,cibo,Bangkok,da_fare,1,"Ristorante premiato con il riconoscimento Michelin Bib Gourmand, celebre per la migliore omelette di ostriche.
💡 Chiuso lunedì e martedì.
https://www.instagram.com/p/DXUYw2AjLLo/","Nai Mong Hoi Thod, Bangkok, Thailandia",,
Naiipa Art Complex,cultura,Bangkok,da_fare,1,"Spazio creativo e artistico immerso nella natura urbana.
https://www.instagram.com/p/Dbgmxkvkc1Z/","Naiipa Art Complex, Bangkok, Thailandia",13.714029,100.591294
Nang Loeng Market,cibo,Bangkok,da_fare,1,"Uno dei mercati coperti più antichi di Bangkok.
https://www.instagram.com/p/DbNnA_8jacy/","Nang Loeng Market, Bangkok, Thailandia",,
Natura Cafe in Poomjai Garden,cibo,Bangkok,da_fare,1,"Luogo pacifico e immerso nella natura in città dove pranzare o prenotare un corso di cucina thailandese.
💡 Puoi prenotare qui un corso di cucina locale thailandese.
https://www.instagram.com/p/DY_vNF1S0u8/","Natura Cafe in Poomjai Garden, Bangkok, Thailandia",,
Neilson Hays Library,cultura,Bangkok,da_fare,2,"Storica biblioteca in stile neoclassico con caffè e galleria d'arte.
Storica e affascinante biblioteca in stile neoclassico.
https://www.instagram.com/p/Db4WeUHifC2/
https://www.instagram.com/p/Dbgmxkvkc1Z/","Neilson Hays Library, Bangkok, Thailandia",13.727105,100.522965
Nextopia,shopping,Bangkok,da_fare,1,"💰 gratis
Spazio situato all'interno del centro commerciale Siam Paragon.
https://www.instagram.com/p/DdHUlZHjGuz/","Nextopia, Bangkok, Thailandia",,
Non Max Thai Food,cibo,Bangkok,da_fare,1,"Posto selezionato per assaporare autentico cibo thailandese.
https://www.instagram.com/p/DcC_tleICuq/","Non Max Thai Food, Bangkok, Thailandia",,
Old Town,cibo,Bangkok,da_fare,1,"Centro storico ideale per provare lo sticky rice di K.Panich e i frullati di Tikky Smoothie.
https://www.instagram.com/p/DaU6MEYidg_/","Old Town, Bangkok, Thailandia",13.747552,100.497633
One Day Wallflowers,cibo,Bangkok,da_fare,1,"Spazio floreale e caffè a Bangkok.
https://www.instagram.com/p/Dbgmxkvkc1Z/","One Day Wallflowers, Bangkok, Thailandia",,
Opium Bar,nightlife,Bangkok,da_fare,2,"Cocktail bar di alto livello situato a Chinatown.
Cocktail bar.
https://www.instagram.com/p/DdY8MvUN0zv/
https://www.instagram.com/p/Dc8d-wRDUht/","Opium Bar, Bangkok, Thailandia",13.739215,100.508478
Pak Khlong Talat,shopping,Bangkok,da_fare,3,"💰 gratis
Mercato dei fiori di Bangkok, un'esplosione di colori e profumi.
Mercato dei fiori all'ingrosso e al dettaglio aperto 24 ore su 24.
Vivace mercato dei fiori della città, situato nella zona Riverside/Old Town.
💡 Aperto giorno e notte.
https://www.instagram.com/p/DTNRDjiDPQ4/
https://www.instagram.com/p/Db4WeUHifC2/
https://www.instagram.com/p/DcOy0ZcDDTA/","Pak Khlong Talat, Bangkok, Thailandia",13.741709,100.496330
Palazzo Reale,cultura,Bangkok,da_fare,1,"Complesso di edifici storici maestosi a Bangkok, perfetto per ammirare i Buddha dorati.
💡 Indossa pantaloni lunghi e porta uno scialle per coprire le spalle.
https://www.instagram.com/p/DaiU87kDY4I/","Palazzo Reale, Bangkok, Thailandia",13.749351,100.491864
Panda Thai Food & Vegetarian,cibo,Bangkok,da_fare,1,"Locale a Bangkok dove gustare cibo thailandese in versione vegetariana.
https://www.instagram.com/p/DTsQdwkDOgp/","Panda Thai Food & Vegetarian, Bangkok, Thailandia",,
Papaya Design Furniture & Studio,shopping,Bangkok,da_fare,1,"Enorme magazzino vintage di mobili e oggetti di design.
https://www.instagram.com/p/Dbgmxkvkc1Z/","Papaya Design Furniture & Studio, Bangkok, Thailandia",,
Papaya Studio,shopping,Bangkok,da_fare,1,"Spazio espositivo industriale e magazzino di design colmo di mobili e oggetti antiquari unici.
https://www.instagram.com/p/DaqSEKgDGRZ/","Papaya Studio, Bangkok, Thailandia",,
Paragon Cineplex,attivita,Bangkok,da_fare,1,"Esperienza cinematografica VIP con sedute a forma di divano o letto per il massimo relax.
💡 Situato all'interno di Siam Paragon.
https://www.instagram.com/p/DdgcdzaE7P8/","Paragon Cineplex, Bangkok, Thailandia",13.746019,100.535040
Patom Organic Living,cibo,Bangkok,da_fare,1,"Caffè e prodotti biologici immersi in una struttura di vetro e legno.
https://www.instagram.com/p/Dbgmxkvkc1Z/","Patom Organic Living, Bangkok, Thailandia",13.738609,100.579032
Patpong Night Market,shopping,Bangkok,da_fare,2,"Storico mercato notturno nel quartiere di Silom.
Mercato notturno situato nell'area di Silom.
https://www.instagram.com/p/Db4WeUHifC2/
https://www.instagram.com/p/DdkWHIPjFXW/","Patpong Night Market, Bangkok, Thailandia",13.728684,100.531828
Pattavikorn Market,shopping,Bangkok,da_fare,1,"Mercato all'aperto nell'est di Bangkok ideale per la ricerca di abbigliamento vintage e seconda mano.
https://www.instagram.com/p/DaqSEKgDGRZ/","Pattavikorn Market, Bangkok, Thailandia",,
Pavilion of Enlightenment,cultura,Bangkok,da_fare,1,"Struttura a forma di loto galleggiante sull'acqua, con colori vivaci e simbolismo buddista.
https://www.instagram.com/p/DXjavtFDCDc/","Pavilion of Enlightenment, Bangkok, Thailandia",,
Pe Aor Tom Yum Goong,cibo,Bangkok,da_fare,1,"Leggendario locale locale noto per la zuppa tom yum goong. Aperto fino tardi.
💡 Aperto fino tardi.
https://www.instagram.com/p/DXUYw2AjLLo/","Pe Aor Tom Yum Goong, Bangkok, Thailandia",,
Phaya Thai,trasporti,Bangkok,da_fare,1,"Capolinea dell'Airport Rail Link per il collegamento con la BTS Green Line.
💡 Fai il biglietto per la BTS alle macchinette automatiche.
https://www.instagram.com/p/Dc3vJ-YITxH/","Phaya Thai, Bangkok, Thailandia",13.779746,100.542439
Phed Mark,cibo,Bangkok,da_fare,1,"⭐ voto creator: 10/10
Famoso locale specializzato in pad krapow molto piccante.
https://www.instagram.com/p/DctHz6bz5fn/","Phed Mark, Bangkok, Thailandia",13.720303,100.583861
Piccolo Vicolo,cibo,Bangkok,da_fare,2,"Caffè nascosto in un cortile artistico vicino a Ratchathewi.
Edificio di 50 anni trasformato in un rifugio verde a Ratchathewi.
💡 Ordina l'Iced Black Coconut.
https://www.instagram.com/p/Dbgmxkvkc1Z/
https://www.instagram.com/p/DdeALM3juOC/","Piccolo Vicolo, Bangkok, Thailandia",,
Platinum Fashion Mall,shopping,Bangkok,da_fare,2,"Grande centro commerciale all'ingrosso di abbigliamento a Pratunam.
Centro commerciale a Pratunam ideale per shopping economico all'ingrosso e al dettaglio.
https://www.instagram.com/p/Db4WeUHifC2/
https://www.instagram.com/p/DdoJ87gn2YS/","Platinum Fashion Mall, Bangkok, Thailandia",13.750006,100.539391
Play Art House,cultura,Bangkok,da_fare,1,"Galleria d'arte indipendente nel centro storico.
https://www.instagram.com/p/Dbgmxkvkc1Z/","Play Art House, Bangkok, Thailandia",,
Ports Coffee,cibo,Bangkok,da_fare,1,"Caffetteria con la firma 'Dirty' con espresso e schiuma di latte vellutata.
💡 Ottimo da gustare al secondo piano soleggiato.
https://www.instagram.com/p/DdeALM3juOC/","Ports Coffee, Bangkok, Thailandia",,
Potong,cibo,Bangkok,da_fare,1,"Ristorante di fine dining con menu degustazione della chef Pam Sühring in una casa convertita.
https://www.instagram.com/p/DdeALM3juOC/","Potong, Bangkok, Thailandia",13.739276,100.508438
Pratnuam,shopping,Bangkok,da_fare,1,"Area economica di Bangkok ricca di mercati all'ingrosso e ottima street food.
💡 Vicino a CentralWorld, Baiyoke Sky Tower e servito dalla linea BTS.
⚠️ Notevoli ingorghi di traffico, vita notturna scarsa
https://www.instagram.com/p/DdkWHIPjFXW/","Pratnuam, Bangkok, Thailandia",,
Pratunam Pier,trasporti,Bangkok,da_fare,1,"Punto di scambio principale per la linea di barche del canale Saen Saep per viaggiare attraverso la città.
💡 Compra il biglietto fino alla destinazione finale se fai il cambio qui.
https://www.instagram.com/p/DclZnbSzevl/","Pratunam Pier, Bangkok, Thailandia",,
Pratunam market,shopping,Bangkok,da_fare,3,"Mercato popolare molto frequentato dai turisti.
Surga dello shopping di abbigliamento e cibo di strada.
Mercato all'aperto perfetto per affari e vestiti a basso prezzo.
⚠️ Molto affollato di turisti.
https://www.instagram.com/p/DcC_tleICuq/
https://www.instagram.com/p/DZ7Li3nlFiz/
https://www.instagram.com/p/DdoJ87gn2YS/","Pratunam market, Bangkok, Thailandia",13.752270,100.540538
Promthong Flagship,shopping,Bangkok,da_fare,1,"💰 economico
Grande store di un brand locale thailandese dall'estetica minimalista e con prezzi molto accessibili.
💡 Situato a Siam Square Soi 2.
https://www.instagram.com/p/DajrQJkASZE/","Promthong Flagship, Bangkok, Thailandia",,
Rajadamnern Stadium,attivita,Bangkok,da_fare,4,"💰 40€
Stadio storico aperto dal 1945 dove assistere a un incontro di Muay Thai.
Storico stadio dove assistere ad incontri autentici di Muay Thai.
Storico stadio per assistere a incontri di Muay Thai autentici.
Assisti a un match di Muay Thai, evento sportivo intenso con un mix di cultura thailandese e storia.
💡 Sabato sera per i match migliori e birra gratis
💡 Spiegano le regole prima del combattimento
💡 Stadio moderno e confortevole
https://www.instagram.com/p/DcdSwhBsQ9V/
https://www.instagram.com/p/DcC_tleICuq/
https://www.instagram.com/p/DaU6MEYidg_/
https://www.instagram.com/p/DdjU2oIEZG6/","Rajadamnern Stadium, Bangkok, Thailandia",13.761002,100.508756
Ratchada Night Bazaar,shopping,Bangkok,da_fare,1,"Mercato notturno con cibo e bancarelle varie.
https://www.instagram.com/p/Db4WeUHifC2/","Ratchada Night Bazaar, Bangkok, Thailandia",,
Recoroom,shopping,Bangkok,da_fare,1,"Negozio di vinili e audio vintage per audiofili e appassionati di musica retrò.
https://www.instagram.com/p/DaqSEKgDGRZ/","Recoroom, Bangkok, Thailandia",,
Red Building Thai Food,cibo,Bangkok,da_fare,1,"⭐ voto creator: 10/10
Posto consigliato per gustare piatti della cucina thailandese.
https://www.instagram.com/p/DctHz6bz5fn/","Red Building Thai Food, Bangkok, Thailandia",,
Rib Room & Bar Steakhouse,cibo,Bangkok,da_fare,2,"Steakhouse di alto livello per cena.
Ristorante di carne per la cena.
https://www.instagram.com/p/DdY8MvUN0zv/
https://www.instagram.com/p/Dc8d-wRDUht/","Rib Room & Bar Steakhouse, Bangkok, Thailandia",,
River City Bangkok,cultura,Bangkok,da_fare,2,"Centro commerciale d'arte, antiquariato e mostre sul fiume.
Punto di riferimento per l'arte, il design e l'antiquariato affacciato sul fiume.
https://www.instagram.com/p/Dbgmxkvkc1Z/
https://www.instagram.com/p/DaqSEKgDGRZ/","River City Bangkok, Bangkok, Thailandia",13.730447,100.513324
Riverside,altro,Bangkok,da_fare,1,"Zona romantica lungo il fiume Chao Phraya, ideale per famiglie con splendidi tramonti e panorami.
💡 Usa i taxi fluviali economici e panoramici per gli spostamenti.
⚠️ Alloggi più costosi, posizione leggermente scomoda
https://www.instagram.com/p/DdkWHIPjFXW/","Riverside, Bangkok, Thailandia",13.726339,100.508674
Roast,cibo,Bangkok,da_fare,2,"Ristorante molto apprezzato per pranzo o cena.
Caffetteria e ristorante, presente al The Commons Thonglor.
https://www.instagram.com/p/DdY8MvUN0zv/
https://www.instagram.com/p/Dc8d-wRDUht/","Roast, Bangkok, Thailandia",13.735015,100.582285
SEA LIFE Bangkok Ocean World,attivita,Bangkok,da_fare,3,"Grande acquario sotterraneo situato all'interno del Siam Paragon.
Grande acquario situato nella zona di Siam.
Uno degli acquari più grandi del Sud-Est asiatico con squali e pinguini.
https://www.instagram.com/p/Db4WeUHifC2/
https://www.instagram.com/p/DdkWHIPjFXW/
https://www.instagram.com/p/Dapjpg_SG_e/","SEA LIFE Bangkok Ocean World, Bangkok, Thailandia",13.746975,100.535199
Saen Saep Canal Boat,trasporti,Bangkok,da_fare,1,"Servizio di barche sul canale utilizzato dai locali per evitare velocemente il traffico di Bangkok.
💡 Paga in contanti al controllore a bordo.
💡 Conserva il biglietto di carta se cambi barca.
💡 Controlla gli orari di ritorno perché il servizio termina presto la sera.
⚠️ L'acqua del canale non è pulita e le barche possono bagnare se ci si siede vicino al bordo.
https://www.instagram.com/p/DclZnbSzevl/","Saen Saep Canal Boat, Bangkok, Thailandia",,
Safari World,attivita,Bangkok,da_fare,1,"Parco zoologico e safari aperto con spettacoli.
https://www.instagram.com/p/Db4WeUHifC2/","Safari World, Bangkok, Thailandia",13.865017,100.703060
Saila,cibo,Bangkok,da_fare,1,"⭐ voto creator: 10/10
Indirizzo gastronomico consigliato nella capitale.
https://www.instagram.com/p/DctHz6bz5fn/","Saila, Bangkok, Thailandia",,
Samosorn,cibo,Bangkok,da_fare,1,"💰 245 baht
Gelateria carina che serve ottimi gelati e coppe.
https://www.instagram.com/p/DdHUlZHjGuz/","Samosorn, Bangkok, Thailandia",13.762460,100.511417
Sampeng Market,shopping,Bangkok,da_fare,1,"Vivace mercato all'ingrosso situato nel cuore di Chinatown.
https://www.instagram.com/p/Db4WeUHifC2/","Sampeng Market, Bangkok, Thailandia",13.743660,100.503299
Santa Cruz Church,cultura,Bangkok,da_fare,1,"Chiesa storica che testimonia le influenze portoghesi nel quartiere Kudi Chin.
https://www.instagram.com/p/DcDR1hmEalM/","Santa Cruz Church, Bangkok, Thailandia",13.738945,100.493773
Saranrom Park,natura,Bangkok,da_fare,1,"💰 gratis
Storico parco pubblico vicino al Palazzo Reale.
https://www.instagram.com/p/Db4WeUHifC2/","Saranrom Park, Bangkok, Thailandia",13.748351,100.495270
Sarnies,cibo,Bangkok,da_fare,3,"Locale ideale per colazione, brunch e caffè.
Caffè popolare per ottimi caffè e cibo in zona storica.
Locale per colazione e brunch.
https://www.instagram.com/p/DdY8MvUN0zv/
https://www.instagram.com/p/Dbgmxkvkc1Z/
https://www.instagram.com/p/Dc8d-wRDUht/","Sarnies, Bangkok, Thailandia",13.721060,100.514802
Sarnies Cafe Sukhumvit,cibo,Bangkok,da_fare,2,"Caffè ideale per colazione e brunch.
Punto ristoro Sarnies a Sukhumvit.
https://www.instagram.com/p/DdY8MvUN0zv/
https://www.instagram.com/p/Dc8d-wRDUht/","Sarnies Cafe Sukhumvit, Bangkok, Thailandia",,
Sarnies Roastery,cibo,Bangkok,da_fare,2,"Caffetteria e torrefazione per colazione e brunch.
Caffetteria e torrefazione.
https://www.instagram.com/p/DdY8MvUN0zv/
https://www.instagram.com/p/Dc8d-wRDUht/","Sarnies Roastery, Bangkok, Thailandia",,
Siam,shopping,Bangkok,da_fare,2,"💰 Gratis
Area centrale ideale per lo shopping, con centri commerciali come Siam Paragon e MBK, cinema e ristoranti.
Distretto dello shopping ideale per negozi e per sfuggire al caldo o alla pioggia.
💡 Zona a misura di pedone e ben collegata dal BTS Skytrain.
💡 Great for shopping and escaping the heat. Also good for rainy
⚠️ Vita notturna scarsa, atmosfera molto occidentale
https://www.instagram.com/p/DdkWHIPjFXW/
https://www.instagram.com/p/DdodUpvGgiM/","Siam, Bangkok, Thailandia",13.745624,100.534220
Siam Center,shopping,Bangkok,da_fare,2,"Centro commerciale moderno.
Centro commerciale alla moda situato a Siam.
💡 Scendi alla stazione BTS Siam.
https://www.instagram.com/p/Dc7Xz0_T5DF/
https://www.instagram.com/p/DdoJ87gn2YS/","Siam Center, Bangkok, Thailandia",13.746308,100.532803
Siam Discovery,shopping,Bangkok,da_fare,2,"Centro commerciale dal design innovativo.
Centro commerciale incentrato su concept store e design.
💡 Scendi alla stazione BTS Siam.
https://www.instagram.com/p/Dc7Xz0_T5DF/
https://www.instagram.com/p/Dbgmxkvkc1Z/","Siam Discovery, Bangkok, Thailandia",13.746687,100.531529
Siam Paragon,shopping,Bangkok,da_fare,7,"Centro commerciale di lusso.
Centro commerciale di lusso nel quartiere di Siam.
Grande centro commerciale di lusso nel centro di Bangkok.
Incredibile e lussuoso centro commerciale ricco di attrazioni.
Famoso e lussuoso centro commerciale nell'area di Siam.
Famoso centro commerciale a Siam, ideale per shopping, ristoranti e prima visita.
Celebre centro commerciale nel distretto di Siam.
💡 Scendi alla stazione BTS Siam.
💡 Orario consigliato: 2-5 PM
https://www.instagram.com/p/Dc7Xz0_T5DF/
https://www.instagram.com/p/Db4WeUHifC2/
https://www.instagram.com/p/Dbgmxkvkc1Z/
https://www.instagram.com/p/DcC_tleICuq/
https://www.instagram.com/p/DdkWHIPjFXW/
https://www.instagram.com/p/DdoJ87gn2YS/
https://www.instagram.com/p/Ddf8GQwD6ST/","Siam Paragon, Bangkok, Thailandia",13.746778,100.534954
Siam Society,cultura,Bangkok,da_fare,1,"Società dedicata alla conservazione del patrimonio culturale thailandese.
https://www.instagram.com/p/Dbgmxkvkc1Z/","Siam Society, Bangkok, Thailandia",13.739237,100.561177
Siam Square,shopping,Bangkok,da_fare,2,"Centro nevralgico dello shopping e dei centri commerciali nella zona di Siam.
Area all'aperto con negozi di bellezza, caffè e ristoranti.
https://www.instagram.com/p/DcOy0ZcDDTA/
https://www.instagram.com/p/DdoJ87gn2YS/","Siam Square, Bangkok, Thailandia",13.744605,100.533101
Silom,altro,Bangkok,da_fare,2,"Vivace distretto finanziario e commerciale che unisce modernità e tradizione, con ottimi rooftop bar.
Quartiere noto per la vita notturna.
💡 Zona LGBTQ+ friendly servita dalla linea BTS.
💡 Orario consigliato: dalle 9 PM in poi
https://www.instagram.com/p/DdkWHIPjFXW/
https://www.instagram.com/p/Ddf8GQwD6ST/","Silom, Bangkok, Thailandia",13.726234,100.528131
Sit in Soi,cibo,Bangkok,da_fare,1,"Caffè consigliato durante l'esplorazione tra Talat Noi e Song Wat.
https://www.instagram.com/p/DcDR1hmEalM/","Sit in Soi, Bangkok, Thailandia",,
Sivatel Bangkok,alloggio,Bangkok,da_fare,1,"Hotel di lusso tranquillo dotato di piscina panoramica all'ottavo piano.
https://www.instagram.com/p/DdeALM3juOC/","Sivatel Bangkok, Bangkok, Thailandia",13.744710,100.548078
Sky Bar,nightlife,Bangkok,da_fare,1,"Famoso bar all'aperto a 247 metri d'altezza presso la torre Lebua.
https://www.instagram.com/p/DdeALM3juOC/","Sky Bar, Bangkok, Thailandia",13.721222,100.517073
Slowcombo,cultura,Bangkok,da_fare,1,"Spazio comunitario focalizzato sul benessere e la creatività.
https://www.instagram.com/p/Dbgmxkvkc1Z/","Slowcombo, Bangkok, Thailandia",13.734597,100.526897
Smokin’ Pug American BBQ,cibo,Bangkok,da_fare,2,"Ristorante di barbecue in stile americano.
https://www.instagram.com/p/DdY8MvUN0zv/
https://www.instagram.com/p/Dc8d-wRDUht/","Smokin’ Pug American BBQ, Bangkok, Thailandia",,
Soi Cowboy,nightlife,Bangkok,da_fare,2,"💰 5€
Nota via dei locali e della vita notturna di Bangkok, ideale per un drink.
Famosa via della vita notturna di Bangkok.
💡 Orario consigliato: dalle 9 PM in poi
https://www.instagram.com/p/Dcaq-KBskod/
https://www.instagram.com/p/Ddf8GQwD6ST/","Soi Cowboy, Bangkok, Thailandia",13.737003,100.562137
Soi Rambuttri,nightlife,Bangkok,da_fare,1,"💰 gratis
Vicina a Khao San ma con anima rilassata, piena di piccoli caffè, lanterne e musica live.
https://www.instagram.com/p/DRTygyZjKyM/","Soi Rambuttri, Bangkok, Thailandia",13.761512,100.494307
Som Tam Jay So,cibo,Bangkok,da_fare,1,"Ottimo indirizzo nella zona di Silom per gustare la tipica insalata di papaia Isaan som tam e il pollo gai yang.
💡 Di' ""phet nit noi"" per regolare il livello di piccantezza.
https://www.instagram.com/p/DXUYw2AjLLo/","Som Tam Jay So, Bangkok, Thailandia",13.725086,100.532610
Song Viet,cibo,Bangkok,da_fare,1,"Locale internazionale che serve banh mi con maiale arrosto su baguette francese.
https://www.instagram.com/p/DdeALM3juOC/","Song Viet, Bangkok, Thailandia",,
Song Wat Road,cultura,Bangkok,da_fare,8,"⭐ voto creator: 10/10, 5/10
Via ricca di torrefazioni e caffetterie alla moda.
Strada carina e alla moda a Bangkok, ideale per una passeggiata se si ha tempo.
Quartiere dal fascino storico e di lusso silenzioso, perfetto per assaggiare l'oca brasata.
Strada creativa di Chinatown ricca di caos creativo nascosto e punti di interesse.
Via storica e artistica in forte crescita, ricca di caffè e negozi locali.
Strada ricca di architettura storica, spazi creativi, caffè e cibo.
Strada storica e alla moda ricca di caffè alla moda e locali tradizionali come Tee Yok Coffee.
Via storica ricca di caffè alla moda vicino a Chinatown.
https://www.instagram.com/p/DctHz6bz5fn/
https://www.instagram.com/p/DcfEvGMk79d/
https://www.instagram.com/p/DXUYw2AjLLo/
https://www.instagram.com/p/DXd1dS9jL1w/
https://www.instagram.com/p/DcOy0ZcDDTA/
https://www.instagram.com/p/DcDR1hmEalM/
https://www.instagram.com/p/DaU6MEYidg_/
https://www.instagram.com/p/DdoJ87gn2YS/","Song Wat Road, Bangkok, Thailandia",13.736803,100.509930
Soul Songwat,cibo,Bangkok,da_fare,1,"Caffè nascosto nella zona di Songwat.
https://www.instagram.com/p/Dbgmxkvkc1Z/","Soul Songwat, Bangkok, Thailandia",,
Space Time Cube,cultura,Bangkok,da_fare,2,"Museo d'arte immersiva metaverse con 27 stanze a tema tra tunnel LED, ologrammi e proiezioni a 720 gradi.
Mondo immersivo di arte digitale e illusioni ottiche.
💡 Situato nel Seacon Bangkae Mall.
https://www.instagram.com/p/DXd1dS9jL1w/
https://www.instagram.com/p/Dapjpg_SG_e/","Space Time Cube, Bangkok, Thailandia",13.712372,100.435013
Sri Maha Mariamman Temple,cultura,Bangkok,da_fare,1,"💰 gratis
Colorato tempio induista nel cuore del quartiere di Silom.
https://www.instagram.com/p/Db4WeUHifC2/","Sri Maha Mariamman Temple, Bangkok, Thailandia",,
Srinagarindra Train Night Market,shopping,Bangkok,da_fare,1,"Vasta mercato all'aperto frequentato dai locali con bancarelle vintage, cibo di strada e musica dal vivo.
💡 Vieni affamato per provare il cibo di strada locale.
https://www.instagram.com/p/DdBoOqjEwmL/","Srinagarindra Train Night Market, Bangkok, Thailandia",,
Studio Lam,nightlife,Bangkok,da_fare,1,"Bar e locale notturno noto per la musica dal vivo e i cocktail.
https://www.instagram.com/p/Dbgmxkvkc1Z/","Studio Lam, Bangkok, Thailandia",13.726304,100.576478
Sukhumvit,altro,Bangkok,da_fare,1,"Quartiere moderno, vivace e ben collegato, ottimo per i primi visitatori con centri commerciali e mercati.
💡 Ottimo per i primi visitatori grazie a BTS Skytrain e metropolitana.
⚠️ Può essere frenetico, traffico intenso
https://www.instagram.com/p/DdkWHIPjFXW/","Sukhumvit, Bangkok, Thailandia",13.737467,100.561498
Sukhumvit Soi 11,nightlife,Bangkok,da_fare,1,"Strada animata ricca di locali notturni.
💡 Orario consigliato: dalle 9 PM in poi
https://www.instagram.com/p/Ddf8GQwD6ST/","Sukhumvit Soi 11, Bangkok, Thailandia",13.746198,100.556220
Sunthon Khosa Road,cibo,Bangkok,da_fare,1,"💰 20 baht per 5 pezzi
Banco di street food che serve Kanom Tuay fresco, un dolce tradizionale di latte di cocco e pandan con ricetta centenaria.
💡 Aperto lunedì-venerdì 7:30-17:00 e sabato-domenica 7:30-16:00.
💡 Si trova di fronte al Port Authority Football Club.
https://www.instagram.com/p/DZpJg_YTnRW/","Sunthon Khosa Road, Bangkok, Thailandia",,
Suriya Coffee,cibo,Bangkok,da_fare,1,"💰 160 THB
Old-school cafe in Talat Phlu with retro vibes, breakfast, coffee, and a view of the giant golden Buddha.
💡 Aperto dalle 6:00 alle 11:00
💡 Costo di 50 THB a persona
https://www.instagram.com/p/DYzGGEByclq/","Suriya Coffee, Bangkok, Thailandia",13.723288,100.481424
Suvarnabhumi Airport,trasporti,Bangkok,da_fare,3,"💰 Airport Rail Link 45 THB; taxi surcharge 50 THB più pedaggi
Aeroporto principale di Bangkok da cui prendere l'Airport Rail Link per evitare il traffico.
Principale aeroporto internazionale. Valuta il treno Airport Rail Link o il taxi in base a bagagli e gruppo.
Principale aeroporto internazionale di Bangkok, costruito su una zona paludosa storicamente nota come 'Cobra Swamp'.
💡 Vai al livello B per prendere l'Airport Rail Link.
💡 Usa l'Airport Rail Link verso Phaya Thai se viaggi da solo e controlla gli orari.
⚠️ I taxi aggiungono un sovrapprezzo e costi di pedaggio, e il traffico può allungare i tempi.
https://www.instagram.com/p/Dc3vJ-YITxH/
https://www.instagram.com/p/DcOy0ZcDDTA/
https://www.instagram.com/p/DdqGThgk7As/","Suvarnabhumi Airport, Bangkok, Thailandia",13.721553,100.724468
Sydny Bagels,cibo,Bangkok,da_fare,1,"Locale consigliato per gustare ottimi bagel in città.
https://www.instagram.com/p/DcC_tleICuq/","Sydny Bagels, Bangkok, Thailandia",,
Talad Noi,cultura,Bangkok,da_fare,11,"💰 gratis
Quartiere cinese creativo ricco di street art, officine vintage e caffè nascosti.
Labirinto di vicoli, street-art e botteghe di meccanici. Perfetto per foto super particolari e per scoprire un lato autentico.
Quartiere caratterizzato da officine di meccanici, vicoli stretti e street art con pezzi di recupero.
Esplora le strade colorate e i quartieri storici di Bangkok.
Storico quartiere di Bangkok con antiche case cinesi, street art, caffè locali e atmosfera rilassata lungo il fiume.
Quartiere storico con vicoli caratteristici e street art.
Quartiere di Chinatown ricco di street art, auto d'epoca e murales giganti.
Storico quartiere caratteristico, perfetto da combinare con Song Wat e Yaowarat.
Quartiere storico con vicoli, vecchi shophouse e vivace street art.
Quartiere tra i più cool al mondo con officine di meccanica, santuari secolari e caffè filtro.
Quartiere storico con street art, caffè e atmosfere tradizionali.
💡 Esplora a piedi senza fretta per scoprire gli angoli nascosti.
💡 Combina la visita a piedi con Song Wat e Yaowarat per ottimizzare gli spostamenti.
https://www.instagram.com/p/DTNRDjiDPQ4/
https://www.instagram.com/p/DRTygyZjKyM/
https://www.instagram.com/p/Dc_uiassdCV/
https://www.instagram.com/p/DdHUlZHjGuz/
https://www.instagram.com/p/DdBoOqjEwmL/
https://www.instagram.com/p/Db4WeUHifC2/
https://www.instagram.com/p/DXd1dS9jL1w/
https://www.instagram.com/p/DcOy0ZcDDTA/
https://www.instagram.com/p/DcDR1hmEalM/
https://www.instagram.com/p/DdeALM3juOC/
https://www.instagram.com/p/DdoJ87gn2YS/","Talad Noi, Bangkok, Thailandia",13.736399,100.498077
Talad Rot Fai Srinagarindra,shopping,Bangkok,da_fare,2,"Mercato notturno dei treni nell'est di Bangkok, perfetto per oggetti d'antiquariato, abbigliamento e atmosfera industriale.
Mercato vintage con abbigliamento retrò e oggetti da collezione.
https://www.instagram.com/p/DaqSEKgDGRZ/
https://www.instagram.com/p/DdeALM3juOC/","Talad Rot Fai Srinagarindra, Bangkok, Thailandia",,
Talat Phlu,cibo,Bangkok,da_fare,1,"Area storica di Bangkok famosa per i binari del treno, l'arco di bouganville, i dessert thailandesi e lo street food.
https://www.instagram.com/p/DcDR1hmEalM/","Talat Phlu, Bangkok, Thailandia",13.720819,100.478018
Talat Phlu Railway Station,attivita,Bangkok,da_fare,1,"Stazione ferroviaria storica apparsa nel film 'How to Make Millions Before Grandma Dies'.
https://www.instagram.com/p/DcDR1hmEalM/","Talat Phlu Railway Station, Bangkok, Thailandia",13.720863,100.478001
Taling Chan Floating Market,cibo,Bangkok,da_fare,1,"💰 gratis
Popolare mercato galleggiante di Bangkok incluso nel tour dei 4 mercati.
💡 Raggiungibile con BMA Feeder attivo il sabato e la domenica.
https://www.instagram.com/p/Dcv3smVyQej/","Taling Chan Floating Market, Bangkok, Thailandia",13.776405,100.456574
Terminal 21,shopping,Bangkok,da_fare,8,"💰 gratis
Centro commerciale a tema in cui ogni piano rappresenta una città del mondo diversa, da Tokyo a Istanbul.
Centro commerciale a tema aeroportuale.
Centro commerciale famoso in cui ogni piano è a tema di una città diversa.
Centro commerciale a tema aeroportuale con celebre food court economica.
Centro commerciale unico con concept di viaggi internazionali.
Centro commerciale a tema con ristoranti e ottima posizione ad Asok.
Moderno centro commerciale progettato come un aeroporto, in cui ogni piano rappresenta una città diversa.
Centro commerciale unico a Sukhumvit per shopping e ristorazione.
💡 Scendi alla stazione BTS Asok.
💡 Orario consigliato: 11 AM - 1 PM
https://www.instagram.com/p/DRTygyZjKyM/
https://www.instagram.com/p/Dc7Xz0_T5DF/
https://www.instagram.com/p/DdHUlZHjGuz/
https://www.instagram.com/p/Db4WeUHifC2/
https://www.instagram.com/p/DcC_tleICuq/
https://www.instagram.com/p/DdoJ87gn2YS/
https://www.instagram.com/p/DdjU2oIEZG6/
https://www.instagram.com/p/Ddf8GQwD6ST/","Terminal 21, Bangkok, Thailandia",13.737869,100.560411
The Bed Cinema by Omazz,attivita,Bangkok,da_fare,1,"Guarda gli ultimi film dal comfort di un letto di lusso con servizio ristorazione.
https://www.instagram.com/p/Dapjpg_SG_e/","The Bed Cinema by Omazz, Bangkok, Thailandia",,
The Cassette Coffee Bar,cibo,Bangkok,da_fare,2,"Caffè in stile retrò a Bangkok.
Intero bar dipinto di rosa a Siam Square, perfetto per le foto.
💡 Ottimo per scattare foto ricordo.
https://www.instagram.com/p/Dbgmxkvkc1Z/
https://www.instagram.com/p/DdeALM3juOC/","The Cassette Coffee Bar, Bangkok, Thailandia",,
The Coffee Academics at Gaysorn,cibo,Bangkok,da_fare,1,"Caffetteria di specialità presso Gaysorn Village.
https://www.instagram.com/p/Dbgmxkvkc1Z/","The Coffee Academics at Gaysorn, Bangkok, Thailandia",,
The Dome at Lebua,nightlife,Bangkok,da_fare,1,"Famoso sky bar a Bangkok consigliato per una serata esclusiva.
https://www.instagram.com/p/DaiU87kDY4I/","The Dome at Lebua, Bangkok, Thailandia",,
The Fig Lobby,alloggio,Bangkok,da_fare,1,"Hotel dal design eccentrico e colorato.
https://www.instagram.com/p/Dbgmxkvkc1Z/","The Fig Lobby, Bangkok, Thailandia",13.718371,100.563823
The Golden Mount,cultura,Bangkok,da_fare,2,"💰 100 baht
Tempio panoramico che offre alcune delle migliori viste sulla città.
Tempio sulla collina che offre una vista panoramica sulla città.
💡 Arriva verso le 17:00 per il tramonto.
https://www.instagram.com/p/DdHUlZHjGuz/
https://www.instagram.com/p/Db4WeUHifC2/","The Golden Mount, Bangkok, Thailandia",13.753504,100.506754
The Jam Factory,cultura,Bangkok,da_fare,1,"Complesso creativo con libreria, caffè e galleria d'arte.
https://www.instagram.com/p/Dbgmxkvkc1Z/","The Jam Factory, Bangkok, Thailandia",13.729401,100.510531
The Mustang Blu,cibo,Bangkok,da_fare,2,"Caffè di design in un edificio storico ristrutturato.
Mozzafiato boutique hotel e ristorante in un edificio storico restaurato, colmo di antiquariato e fascino d'altri tempi.
https://www.instagram.com/p/Dbgmxkvkc1Z/
https://www.instagram.com/p/DaqSEKgDGRZ/","The Mustang Blu, Bangkok, Thailandia",13.739094,100.515019
The Penthouse Bar Bangkok,nightlife,Bangkok,da_fare,1,"Sky bar panoramico a Bangkok ideale per godersi la vista della città dall'alto.
https://www.instagram.com/p/DaiU87kDY4I/","The Penthouse Bar Bangkok, Bangkok, Thailandia",,
The Salil Hotel Riverside Bangkok,alloggio,Bangkok,da_fare,1,"📅 2/3 notti
Hotel consigliato per il soggiorno a Bangkok.
https://www.instagram.com/p/DY_vNF1S0u8/","The Salil Hotel Riverside Bangkok, Bangkok, Thailandia",,
The Street Ratchada Night Market,nightlife,Bangkok,da_fare,1,"Mercato notturno ideale per vivere la vivace vita serale della città.
https://www.instagram.com/p/DcC_tleICuq/","The Street Ratchada Night Market, Bangkok, Thailandia",13.770042,100.572644
The Vintage Store,shopping,Bangkok,da_fare,1,"Negozio specializzato in moda vintage e capi d'abbigliamento ricercati nella zona di Ekkamai e Thonglor.
https://www.instagram.com/p/DaqSEKgDGRZ/","The Vintage Store, Bangkok, Thailandia",,
Thip Samai,cibo,Bangkok,da_fare,1,"Locale storico famoso per il pad thai avvolto nell'uovo.
https://www.instagram.com/p/DdeALM3juOC/","Thip Samai, Bangkok, Thailandia",13.752763,100.504824
Thipsamai Padthai Pratu Phi,cibo,Bangkok,da_fare,5,"💰 economico
Il Pad Thai più famoso di Bangkok secondo la Guida Michelin. Veloce, economico e assolutamente da provare.
Famoso ristorante storico nato nel 1939, considerato tra i migliori e più celebri per gustare l'autentico pad thai originale a Bangkok.
Tra i più famosi in città, serve un pad thai con la ricetta originale.
Famoso ristorante di Bangkok noto per il suo delizioso pad thai.
Locale leggendario per gustare il pad Thai e la famosissima spعیcialità di succo d'arancia.
https://www.instagram.com/p/Dc4VqVCJOHf/
https://www.instagram.com/p/DMzoFW_Sh0G/
https://www.instagram.com/p/DNFdBylyZQt/
https://www.instagram.com/p/DFlN4KxN77X/
https://www.instagram.com/p/DXUYw2AjLLo/","Thipsamai Padthai Pratu Phi, Bangkok, Thailandia",,
Thonglor,nightlife,Bangkok,da_fare,1,"Quartiere alla moda ricco di caffè, ristoranti e locali.
💡 Ideale da abbinare al vicino quartiere di Ekkamai.
https://www.instagram.com/p/DcOy0ZcDDTA/","Thonglor, Bangkok, Thailandia",13.727332,100.580584
ThreeSixty Rooftop Bar,nightlife,Bangkok,da_fare,1,"Rooftop bar ideale per ammirare il tramonto sullo skyline.
https://www.instagram.com/p/DdeALM3juOC/","ThreeSixty Rooftop Bar, Bangkok, Thailandia",,
Tichuca Rooftop,nightlife,Bangkok,da_fare,2,"Bar urbano in stile giungla al 46esimo piano, famoso per gli alberi in stile Avatar e i tramonti sullo skyline.
Famoso rooftop bar con installazioni luminose a forma di albero e vista panoramica.
💡 Si trova nel T-One Building, Sukhumvit 40.
https://www.instagram.com/p/DXd1dS9jL1w/
https://www.instagram.com/p/DaU6MEYidg_/","Tichuca Rooftop, Bangkok, Thailandia",13.722080,100.580442
Toby's,cibo,Bangkok,da_fare,3,"Locale popolare per colazione, brunch e caffè.
Popolare caffè in stile australiano.
Posto per colazione e brunch.
https://www.instagram.com/p/DdY8MvUN0zv/
https://www.instagram.com/p/Dbgmxkvkc1Z/
https://www.instagram.com/p/Dc8d-wRDUht/","Toby's, Bangkok, Thailandia",13.725981,100.541834
Topkart Bangkok,attivita,Bangkok,da_fare,1,"💰 700 baht
Pista di go-kart per un'esperienza di guida adrenalinica.
https://www.instagram.com/p/DdHUlZHjGuz/","Topkart Bangkok, Bangkok, Thailandia",13.750251,100.543688
Toy Kuay Teow Ruea,cibo,Bangkok,da_fare,1,"Posto imperdibile vicino al Monumento alla Vittoria per gustare i tradizionali boat noodles.
💡 Ordina 3-5 ciotole.
https://www.instagram.com/p/DXUYw2AjLLo/","Toy Kuay Teow Ruea, Bangkok, Thailandia",13.768093,100.535831
Train Night Market Srinakarinda,shopping,Bangkok,da_fare,1,"💰 250-400 baht
Mercato notturno ideale per cibo, shopping e atmosfera vintage.
https://www.instagram.com/p/DdHUlZHjGuz/","Train Night Market Srinakarinda, Bangkok, Thailandia",,
Tres Store,shopping,Bangkok,da_fare,1,"Negozio con oltre 100 brand locali selezionati, focalizzato principalmente su abbigliamento, borse, cappelli e occhiali.
💡 Si trova a Siam Square Soi 5.
https://www.instagram.com/p/DajrQJkASZE/","Tres Store, Bangkok, Thailandia",,
Truffle+/Originals,shopping,Bangkok,da_fare,1,"Brand di abbigliamento thailandese che unisce moda urban outdoor e design di ispirazione giapponese con capi unisex.
💡 Aperto dalle 11:00 alle 18:00.
💡 Situato in Sukhumvit 63 (Ekkamai 15).
https://www.instagram.com/p/DajrQJkASZE/","Truffle+/Originals, Bangkok, Thailandia",,
Trust Café,cibo,Bangkok,da_fare,1,"Caffè e studio dal design giovanile.
https://www.instagram.com/p/Dbgmxkvkc1Z/","Trust Café, Bangkok, Thailandia",13.785333,100.542597
Tulum Skybar,nightlife,Bangkok,da_fare,1,"Rooftop bar al 29esimo piano ispirato a Tulum, con atmosfere da giungla messicana, cocktail e DJ set.
https://www.instagram.com/p/DXd1dS9jL1w/","Tulum Skybar, Bangkok, Thailandia",,
Udom Suk Market,cibo,Bangkok,da_fare,1,"Piccolo mercato che ospita una bancarella economica e locale di mango sticky rice, ideale per un dolcetto quotidiano.
https://www.instagram.com/p/DctChD3T0si/","Udom Suk Market, Bangkok, Thailandia",,
Unculture,nightlife,Bangkok,da_fare,2,"Rooftop con vista sui treni BTS e cocktail.
Locale in zona Silom con vista sulla linea della BTS.
💡 Vai la sera e prendi un tavolo di fronte alla linea BTS per guardare i treni.
https://www.instagram.com/p/DdY8MvUN0zv/
https://www.instagram.com/p/Dc8d-wRDUht/","Unculture, Bangkok, Thailandia",,
Unfashion Vintage,cibo,Bangkok,da_fare,1,"Accogliente caffè e concept store vintage noto per pelletteria artigianale, interni senza tempo e ottimo caffè.
https://www.instagram.com/p/DaqSEKgDGRZ/","Unfashion Vintage, Bangkok, Thailandia",,
Unusual & Friends,shopping,Bangkok,da_fare,1,"Concept store sopra il negozio Truffle con brand locali, oggettistica, articoli per animali e possibilità di personalizzare portachiavi.
💡 Si trova al piano superiore rispetto a Truffle Store nella stessa area.
https://www.instagram.com/p/DajrQJkASZE/","Unusual & Friends, Bangkok, Thailandia",,
Usman Thai Muslim Restaurant,cibo,Bangkok,da_fare,1,"⭐ voto creator: 10/10
Ristorante halal molto apprezzato per la cucina locale.
https://www.instagram.com/p/DctHz6bz5fn/","Usman Thai Muslim Restaurant, Bangkok, Thailandia",13.728390,100.565218
Vegan Pranakhon,cibo,Bangkok,da_fare,1,"Posticino del cuore dove mangiare veg in zona Khaosan Road.
https://www.instagram.com/p/DTsQdwkDOgp/","Vegan Pranakhon, Bangkok, Thailandia",,
Verde,cibo,Bangkok,da_fare,2,"Ottimo per pranzo o cena.
Ristorante per cena in zona Sukhumvit 26.
https://www.instagram.com/p/DdY8MvUN0zv/
https://www.instagram.com/p/Dc8d-wRDUht/","Verde, Bangkok, Thailandia",13.733530,100.579734
Vertigo & Moon Bar,nightlife,Bangkok,da_fare,1,"Rooftop bar situato al 61° piano per drink con vista.
https://www.instagram.com/p/DdeALM3juOC/","Vertigo & Moon Bar, Bangkok, Thailandia",13.723448,100.539690
Victory Monument,cultura,Bangkok,da_fare,1,"Importante monumento e snodo di trasporti vicino a Pratunam.
https://www.instagram.com/p/DdkWHIPjFXW/","Victory Monument, Bangkok, Thailandia",13.764931,100.538286
W District Market,cibo,Bangkok,da_fare,1,"Mercato all'aperto con vasta scelta di street food e installazioni artistiche.
https://www.instagram.com/p/Db4WeUHifC2/","W District Market, Bangkok, Thailandia",,
Walden Home Cafe,cibo,Bangkok,da_fare,1,"Gemma nascosta in un vicolo vintage a Klongsan.
💡 Ordina il latte della casa.
https://www.instagram.com/p/DdeALM3juOC/","Walden Home Cafe, Bangkok, Thailandia",13.731238,100.505778
Wallflowers Café,cibo,Bangkok,da_fare,1,"Caffè floreale suggestivo nascosto tra i vicoli.
https://www.instagram.com/p/Dbgmxkvkc1Z/","Wallflowers Café, Bangkok, Thailandia",13.739822,100.514099
Wanjai Cafe House,cibo,Bangkok,da_fare,1,"💰 130bath
⭐ voto creator: 10/10
Ottimo mango sticky rice premiato con stella Michelin, con mango dolce, riso glutinoso morbido e cocco bilanciati.
💡 Ci sono stato 2 volte per quanto è buono.
⚠️ La seconda volta il mango era leggermente aspro.
https://www.instagram.com/p/DaXccAJFH9z/","Wanjai Cafe House, Bangkok, Thailandia",,
Warehouse 30,cultura,Bangkok,da_fare,1,"Magazzini riconvertiti in spazi creativi, negozi e caffè.
https://www.instagram.com/p/Dbgmxkvkc1Z/","Warehouse 30, Bangkok, Thailandia",13.728092,100.514791
Wat Arun,cultura,Bangkok,da_fare,17,"💰 100 THB, 100 baht, 200 THB, 6€
Conosciuto come il Tempio dell'Alba, tappa imperdibile di cultura e templi.
Tempio chiave da visitare a Bangkok, consigliato dall'itinerario.
Maestoso tempio sul fiume dove ammirare i riflessi della luce e l'incredibile artigianato da vicino.
Celebre tempio affacciato sul fiume.
Tempio famoso per le sue decorazioni in ceramica.
Famoso tempio dell'alba decorato con porcellana cinese lungo il fiume.
Tempio storico imperdibile, parte del ricco patrimonio culturale della città.
Splendida pagoda decorata con porcellane cinesi, raggiungibile con il traghetto pubblico.
Tempio iconico di Bangkok, tappa fondamentale per iniziare a capire la Thailandia e ammirare le miniature e i Buddha dorati.
Tempio dell'Alba, celebre per la sua bellezza soprattutto all'ora d'oro.
Famoso tempio buddista affacciato sul fiume Chao Phraya.
Tempio iconico situato lungo il fiume Chao Phraya.
Iconico tempio lungo il fiume noto per la sua splendida posizione e le guglie intricate, particolarmente bello al tramonto.
Tempio sul fiume più bello di Bangkok, magico all'alba o al tramonto.
Uno dei templi più iconici di Bangkok, celebre per l'architettura con mosaici in porcellana e ceramica.
Famoso tempio dell'alba lungo il fiume Chao Phraya con splendide decorazioni in瓷.
💡 Prendi il traghetto pubblico per visitarlo
💡 Copri spalle e ginocchia con un abbigliamento adeguato per entrare nei templi.
💡 Guardalo daacross del fiume per la vista migliore anziché da vicino.
💡 Prendi il BTS fino a Saphan Taksin, poi un traghetto per Tha Tien Pier.
💡 Visita all'alba o al tramonto.
💡 Spalle e ginocchia devono essere coperte
💡 Prendi il traghetto economico e veloce per attraversare il fiume
💡 Prendi il traghetto attraverso il fiume per arrivarci.
💡 Orario consigliato: 12-1 PM
💡 Wear comfortable shoes for the stairs.
💡 The river view is great
https://www.instagram.com/p/DcdSwhBsQ9V/
https://www.instagram.com/p/DY_vNF1S0u8/
https://www.instagram.com/p/Db0I7VekjBS/
https://www.instagram.com/p/Dc7Xz0_T5DF/
https://www.instagram.com/p/Dc_uiassdCV/
https://www.instagram.com/p/Db4WeUHifC2/
https://www.instagram.com/p/DcC_tleICuq/
https://www.instagram.com/p/DbNnA_8jacy/
https://www.instagram.com/p/DaiU87kDY4I/
https://www.instagram.com/p/DdeALM3juOC/
https://www.instagram.com/p/DdkWHIPjFXW/
https://www.instagram.com/p/DdoJ87gn2YS/
https://www.instagram.com/p/DdLO3JcGI9Q/
https://www.instagram.com/p/Dapjpg_SG_e/
https://www.instagram.com/p/DdjU2oIEZG6/
https://www.instagram.com/p/Ddf8GQwD6ST/
https://www.instagram.com/p/DdodUpvGgiM/","Wat Arun, Bangkok, Thailandia",13.743898,100.488514
Wat Benchamabophit,cultura,Bangkok,da_fare,2,"💰 gratis
Conosciuto come il Tempio di Marmo, elegante, luminoso e spesso ignorato dai turisti.
Il Tempio di Marmo, costruito utilizzando marmo italiano importato dalla stessa cava usata per il David di Michelangelo.
https://www.instagram.com/p/DTNRDjiDPQ4/
https://www.instagram.com/p/DdqGThgk7As/","Wat Benchamabophit, Bangkok, Thailandia",13.766175,100.513807
Wat Bowon Niwet Ratchawarawihan,cultura,Bangkok,da_fare,1,"💰 gratis
Importante tempio buddista legato alla monarchia thailandese.
https://www.instagram.com/p/Db4WeUHifC2/","Wat Bowon Niwet Ratchawarawihan, Bangkok, Thailandia",,
Wat Indharawihan,cultura,Bangkok,da_fare,1,"💰 gratis
Tempio famoso per la sua imponente statua di Buddha eretto.
https://www.instagram.com/p/Db4WeUHifC2/","Wat Indharawihan, Bangkok, Thailandia",,
Wat Kalayanamit,cultura,Bangkok,da_fare,1,"Tempio storico situato nel quartiere Kudi Chin, punto di partenza ideale per esplorare la zona.
https://www.instagram.com/p/DcDR1hmEalM/","Wat Kalayanamit, Bangkok, Thailandia",,
Wat Kalong,cultura,Bangkok,da_fare,1,"Prima tappa della giornata nei mercati, tempio da visitare prima del mercato sui binari.
https://www.instagram.com/p/DcfzoaKs-9v/","Wat Kalong, Bangkok, Thailandia",13.666108,100.865638
Wat Kamphaeng Bang Chak,cultura,Bangkok,da_fare,1,"Tempio che segna l'inizio dell'itinerario lungo il canale nel quartiere Khlong Bang Luang.
https://www.instagram.com/p/DcDR1hmEalM/","Wat Kamphaeng Bang Chak, Bangkok, Thailandia",13.730350,100.463302
Wat Khun Chan,cultura,Bangkok,da_fare,1,"Tempio caratterizzato da enormi e particolari statue colorate.
https://www.instagram.com/p/DbNnA_8jacy/","Wat Khun Chan, Bangkok, Thailandia",13.720137,100.471416
Wat Paknam Phasi Charoen,cultura,Bangkok,da_fare,7,"💰 gratis
Tempio famoso per il suo Buddha dorato gigante.
Tempio che ospita un gigantesco Buddha dorato che si erge alto sopra i canali.
Complesso che ospita il Phra Buddha Dhammakaya Thep Mongkol, un'enorme statua in rame alta 69 metri nello skyline.
Tempio celebre per la statua gigante di Buddha e l'atmosfera.
Tempio per ammirare il Buddha gigante che diventa dorato al tramonto e lo stupa di vetro sul quinto piano.
Tempio che ospita un enorme e spettacolare Buddha dorato.
Tempio che ospita uno stupa di 5 piani con un grande Buddha di cristallo e una replica dell'universo all'ultimo piano.
💡 Visita il 5° piano per lo stupa di vetro entro le 18:00.
https://www.instagram.com/p/DcdSwhBsQ9V/
https://www.instagram.com/p/Db0I7VekjBS/
https://www.instagram.com/p/DdbfhvOCkoo/
https://www.instagram.com/p/Db4WeUHifC2/
https://www.instagram.com/p/DWodDDCjCm0/
https://www.instagram.com/p/DbNnA_8jacy/
https://www.instagram.com/p/DdqGThgk7As/","Wat Paknam Phasi Charoen, Bangkok, Thailandia",13.721672,100.470427
Wat Pariwat,cultura,Bangkok,da_fare,1,"Tempio buddista pop-culture decorato con personaggi come Superman, Batman, Pikachu e David Beckham.
https://www.instagram.com/p/DXd1dS9jL1w/","Wat Pariwat, Bangkok, Thailandia",13.683008,100.537675
Wat Pho,cultura,Bangkok,da_fare,13,"💰 300 THB, 8€
Tempio che ospita il celebre Buddha sdraiato ricoperto in foglia oro.
Tempio che ospita l'iconico Buddha Sdraiato, caratterizzato da dimensioni e dettagli sbalorditivi.
Famoso tempio buddista, ideale da visitare nel centro storico.
Tempio del Buddha sdraiato, uno dei luoghi storici più importanti.
Celebre tempio buddista noto per il grande Buddha sdraiato, situato nella Old Town.
Celebre tempio noto per la grande statua del Buddha sdraiato.
Tempio che ospita l'enorme Buddha Sdraiato, da ammirare nei suoi cortili.
Tempio famoso per ospitare l'enorme statua del Budda reclinato.
Tempio storico situato nella zona della città vecchia, famoso per il Buddha sdraiato.
Famoso tempio buddista noto per il Buddha sdraiato.
Casa del massiccio Buddha reclinato di 46 metri, splendidi giardini e scuola di massaggio tradizionale thailandese.
Ospita il gigantesco Budda Sdraiato dorato ed è culla del massaggio tradizionale.
Famoso per il Buddha sdraiato e l'architettura tradizionale thailandese.
💡 Pianifica la visita insieme al Grand Palace e Pak Khlong Talat.
💡 Prendi la MRT fino a Sanam Chai (Uscita 1) e cammina per pochi minuti.
💡 Orario consigliato: 10-11 AM
https://www.instagram.com/p/DcdSwhBsQ9V/
https://www.instagram.com/p/Db0I7VekjBS/
https://www.instagram.com/p/Dc7Xz0_T5DF/
https://www.instagram.com/p/Db4WeUHifC2/
https://www.instagram.com/p/DcOy0ZcDDTA/
https://www.instagram.com/p/DcC_tleICuq/
https://www.instagram.com/p/DbNnA_8jacy/
https://www.instagram.com/p/DdeALM3juOC/
https://www.instagram.com/p/DdkWHIPjFXW/
https://www.instagram.com/p/DdoJ87gn2YS/
https://www.instagram.com/p/DdLO3JcGI9Q/
https://www.instagram.com/p/Dapjpg_SG_e/
https://www.instagram.com/p/Ddf8GQwD6ST/","Wat Pho, Bangkok, Thailandia",13.746346,100.492738
Wat Phra Kaew,cultura,Bangkok,da_fare,2,"Importante tempio buddista all'interno del complesso del palazzo reale.
Il tempio del Budda di Smeraldo situato all'interno del Grand Palace.
https://www.instagram.com/p/DcC_tleICuq/
https://www.instagram.com/p/DdeALM3juOC/","Wat Phra Kaew, Bangkok, Thailandia",13.751497,100.492659
Wat Rakhang,cultura,Bangkok,da_fare,1,"Tempio del XVIII secolo ancora attivo dove i monaci meditano, con vista sul Grand Palace.
https://www.instagram.com/p/DdeALM3juOC/","Wat Rakhang, Bangkok, Thailandia",13.752575,100.485644
Wat Ratchabophit,cultura,Bangkok,da_fare,1,"💰 gratis
Tempio reale noto per le sue bellissime decorazioni in ceramica.
https://www.instagram.com/p/Db4WeUHifC2/","Wat Ratchabophit, Bangkok, Thailandia",13.749029,100.497178
Wat Ratchanatdaram,cultura,Bangkok,da_fare,1,"Tempio famoso per le sue guglie chiamate Metal Castle e per i dintorni pacifici.
https://www.instagram.com/p/Db0I7VekjBS/","Wat Ratchanatdaram, Bangkok, Thailandia",13.754827,100.504268
Wat Saket,cultura,Bangkok,da_fare,3,"Conosciuto come Golden Mount, offre 344 gradini e una vista incredibile sulla città dall'alto.
Noto come il Golden Mount, offre la possibilità di scalare la collina per viste panoramiche mozzafiato sulla città.
Conosciuto come Golden Mount, è costruito sulle rovine di uno stupa e custodisce una reliquia ossea di Buddha.
💡 Accessibile a qualsiasi ora del giorno.
https://www.instagram.com/p/DRTygyZjKyM/
https://www.instagram.com/p/Db0I7VekjBS/
https://www.instagram.com/p/DdqGThgk7As/","Wat Saket, Bangkok, Thailandia",13.753849,100.506694
Wat Saphan Floating Market,cibo,Bangkok,da_fare,1,"💰 gratis
Mercato galleggiante tradizionale da visitare durante il weekend.
💡 Raggiungibile con BMA Feeder attivo il sabato e la domenica.
https://www.instagram.com/p/Dcv3smVyQej/","Wat Saphan Floating Market, Bangkok, Thailandia",,
Wat Song Khlong Floating Market,cibo,Bangkok,da_fare,1,"💰 gratis
Mercato galleggiante visitabile con il bus elettrico gratuito BMA Feeder.
💡 Raggiungibile con BMA Feeder attivo il sabato e la domenica.
https://www.instagram.com/p/Dcv3smVyQej/","Wat Song Khlong Floating Market, Bangkok, Thailandia",,
Wat Suthat,cultura,Bangkok,da_fare,1,"💰 gratis
Uno dei templi più grandi e spirituali della città, perfetto per una pausa di silenzio.
https://www.instagram.com/p/DTNRDjiDPQ4/","Wat Suthat, Bangkok, Thailandia",13.750192,100.500344
Wat Traimit,cultura,Bangkok,da_fare,2,"💰 40 baht
Tempio che ospita una statua del Buddha in oro massiccio.
Tempio buddista a Chinatown che ospita il famoso Buddha d'oro.
https://www.instagram.com/p/Dc_uiassdCV/
https://www.instagram.com/p/DdkWHIPjFXW/","Wat Traimit, Bangkok, Thailandia",13.737999,100.513653
Werng,cibo,Bangkok,da_fare,1,"Storico punto di riferimento del mercato notturno di Chinatown famoso per il leggendario riso fritto al granchio.
https://www.instagram.com/p/DXUYw2AjLLo/","Werng, Bangkok, Thailandia",,
Wooden Table Food Center,cibo,Bangkok,da_fare,1,"Punto di riferimento consigliato per gli amanti del cibo a Bangkok.
https://www.instagram.com/p/DcC_tleICuq/","Wooden Table Food Center, Bangkok, Thailandia",,
Yana Restaurant,cibo,Bangkok,da_fare,1,"⭐ voto creator: 10/10
Ottimo posto consigliato per mangiare a Bangkok.
https://www.instagram.com/p/DctHz6bz5fn/","Yana Restaurant, Bangkok, Thailandia",,
Yaowarat,cibo,Bangkok,da_fare,6,"Quartiere di Chinatown, perfetto per assaggiare lo street food.
Chinatown di Bangkok, celebre cluster di street food la sera.
La Chinatown di Bangkok, famosa per lo street food e i mercati.
Vivace quartiere di Chinatown famoso per lo street food e l'atmosfera notturna.
La vivace Chinatown di Bangkok, particolarmente affascinante di notte.
La celebre Chinatown di Bangkok, famosa per lo street food e i mercati notturni.
https://www.instagram.com/p/DdY8MvUN0zv/
https://www.instagram.com/p/Db4WeUHifC2/
https://www.instagram.com/p/DcOy0ZcDDTA/
https://www.instagram.com/p/DcC_tleICuq/
https://www.instagram.com/p/DdeALM3juOC/
https://www.instagram.com/p/DdoJ87gn2YS/","Yaowarat, Bangkok, Thailandia",13.741907,100.508948
Yodpiman River Walk,attivita,Bangkok,da_fare,1,"Passeggiata commerciale lungo il fiume Chao Phraya.
https://www.instagram.com/p/Dbgmxkvkc1Z/","Yodpiman River Walk, Bangkok, Thailandia",,
Yunomori Onsen & Spa,attivita,Bangkok,da_fare,3,"Centro onsen e spa per rilassarsi.
Centro benessere con bagni caldi e freddi, sauna e bagno turco.
Primo centro onsen autentico del Sud-Est asiatico, unisce bagni termali giapponesi e massaggi tradizionali thailandesi in interni in bambù.
💡 Non sono ammessi telefoni all'interno.
💡 Vai la sera tardi prima della chiusura per trovare meno gente.
💡 Perfetto per una giornata di pioggia grazie agli spazi completamente al chiuso.
https://www.instagram.com/p/DdY8MvUN0zv/
https://www.instagram.com/p/Dc8d-wRDUht/
https://www.instagram.com/p/DdgcdzaE7P8/","Yunomori Onsen & Spa, Bangkok, Thailandia",13.720484,100.566984
ZudRangMa Records,shopping,Bangkok,da_fare,1,"Negozio di dischi imperdibile per gli amanti del vinile e della musica di ricerca.
https://www.instagram.com/p/DaqSEKgDGRZ/","ZudRangMa Records, Bangkok, Thailandia",13.726496,100.576349
theCOMMONS,cibo,Bangkok,da_fare,2,"Uno dei food hall preferiti dal creator, con ottima atmosfera.
Spazio aggregativo con ristoranti e locali casual.
https://www.instagram.com/p/DdY8MvUN0zv/
https://www.instagram.com/p/Dc8d-wRDUht/","theCOMMONS, Bangkok, Thailandia",13.734952,100.582164
Buriram City Pillar Shrine,cultura,Buriram,da_fare,1,"Santuario della colonna cittadina, uno dei principali luoghi spirituali del capoluogo.
https://www.instagram.com/p/DdTxPSKiulk/","Buriram City Pillar Shrine, Buriram, Thailandia",,
Chang Arena e Buriram United,attivita,Buriram,da_fare,1,"Stadio ufficiale del Buriram United, uno dei club calcistici più vincenti della nazione.
https://www.instagram.com/p/DdTxPSKiulk/","Chang Arena e Buriram United, Buriram, Thailandia",,
Chang International Circuit,attivita,Buriram,da_fare,1,"Il principale circuito automobilistico e motociclistico della Thailandia.
https://www.instagram.com/p/DdTxPSKiulk/","Chang International Circuit, Buriram, Thailandia",,
Huai Talat Reservoir,natura,Buriram,da_fare,1,"Grande bacino e zone umide ideali per il birdwatching e per ammirare i tramonti rurali.
https://www.instagram.com/p/DdTxPSKiulk/","Huai Talat Reservoir, Buriram, Thailandia",,
Khao Kradong Forest Park,natura,Buriram,da_fare,1,"Area naturale sviluppata attorno a un antico vulcano spento nei pressi della città.
https://www.instagram.com/p/DdTxPSKiulk/","Khao Kradong Forest Park, Buriram, Thailandia",,
Phanom Rung Historical Park,cultura,Buriram,da_fare,1,"Importante complesso Khmer costruito sulla sommità di un vulcano spento, dedicato a Shiva.
💡 Visita durante l'allineamento solare tra marzo, aprile e settembre per un fenomeno unico.
https://www.instagram.com/p/DdTxPSKiulk/","Phanom Rung Historical Park, Buriram, Thailandia",14.533036,102.941834
Prasat Muang Tam,cultura,Buriram,da_fare,1,"Santuario Khmer dell'XI secolo con struttura concentrica e quattro bacini d'acqua circostanti.
https://www.instagram.com/p/DdTxPSKiulk/","Prasat Muang Tam, Buriram, Thailandia",14.496640,102.982473
Chanthaboon Waterfront Community,cultura,Chanthaburi,da_fare,1,"Cittadina fluviale di 300 anni con case tradizionali in legno e caffè nascosti.
https://www.instagram.com/p/Dae69k1E7S-/","Chanthaboon Waterfront Community, Chanthaburi, Thailandia",12.612713,102.113710
Chiang Dao Cave,natura,Chiang Dao,da_fare,1,"Complesso di grotte da esplorare durante il viaggio.
https://www.instagram.com/p/DctmchXx4DO/","Chiang Dao Cave, Chiang Dao, Thailandia",19.394130,98.927921
% Arabica,cibo,Chiang Mai,da_fare,1,"Caffetteria minimalista specializzata in caffè.
https://www.instagram.com/p/DbUe6VlEvOo/","% Arabica, Chiang Mai, Thailandia",,
Air Diamond Cafe,cibo,Chiang Mai,da_fare,1,"Un particolare caffè a tema aeronautico dove rilassarsi e scattare foto.
💡 Inseriscilo come ultima tappa dell'itinerario giornaliero.
https://www.instagram.com/p/DZzxVitRkpg/","Air Diamond Cafe, Chiang Mai, Thailandia",19.072929,98.939166
Ancient Beef Thai Cuisine,cibo,Chiang Mai,da_fare,1,"Ristorante di cucina thailandese a base di carne a Chiang Mai.
https://www.instagram.com/p/Dak4z3Qk2Uf/","Ancient Beef Thai Cuisine, Chiang Mai, Thailandia",,
Baan Kang Wat,cultura,Chiang Mai,da_fare,1,"Iconico villaggio di artigianato per arte locale, laboratori e slow living.
https://www.instagram.com/p/DbUe6VlEvOo/","Baan Kang Wat, Chiang Mai, Thailandia",18.776750,98.948264
Blue Coffee x Bar Cha at Maya,cibo,Chiang Mai,da_fare,1,"Caffetteria e bar situati presso il centro commerciale Maya a Chiang Mai.
https://www.instagram.com/p/Dak4z3Qk2Uf/","Blue Coffee x Bar Cha at Maya, Chiang Mai, Thailandia",,
Blue Temple,cultura,Chiang Mai,da_fare,1,"Tempio caratterizzato da splendide decorazioni blu e dettagli intricati.
💡 Visitalo abbinandolo ad altre attrazioni della zona in un unico giorno.
https://www.instagram.com/p/DZzxVitRkpg/","Blue Temple, Chiang Mai, Thailandia",,
By Hand Pizza Cafe,cibo,Chiang Mai,da_fare,1,"Ottima pizzeria artigianale.
https://www.instagram.com/p/DbUe6VlEvOo/","By Hand Pizza Cafe, Chiang Mai, Thailandia",18.792856,98.991139
CAMP,attivita,Chiang Mai,da_fare,1,"💰 300-500 THB/giorno
Spazio di coworking popolare per nomadi digitali.
https://www.instagram.com/p/DdG2BKcCHZj/","CAMP, Chiang Mai, Thailandia",,
Chang Phuak Market,cibo,Chiang Mai,da_fare,1,"Mercato di street food a Chiang Mai.
https://www.instagram.com/p/Dak4z3Qk2Uf/","Chang Phuak Market, Chiang Mai, Thailandia",18.795828,98.985938
Chang Phueak Pork Leg Rice,cibo,Chiang Mai,da_fare,1,"💰 60 THB
Famoso piatto di riso con stinco di maiale della signora con il cappello da cowboy, cotto per ore in salsa alle cinque spezie.
💡 Orario: 17:00 - 00:00
https://www.instagram.com/p/DbVU-VwSJg7/","Chang Phueak Pork Leg Rice, Chiang Mai, Thailandia",,
Changthong Heritage Park,natura,Chiang Mai,da_fare,1,"Primo museo vivente di alberi antichi in Thailandia con oltre 1.000 alberi rari e centenari.
https://www.instagram.com/p/DbUe6VlEvOo/","Changthong Heritage Park, Chiang Mai, Thailandia",18.864113,98.992541
Cheevit Cheeva Chiang Mai,cibo,Chiang Mai,da_fare,1,"Locale a Chiang Mai dove gustare dolci e dessert.
https://www.instagram.com/p/Dak4z3Qk2Uf/","Cheevit Cheeva Chiang Mai, Chiang Mai, Thailandia",18.800002,99.018245
Chiang Dao,natura,Chiang Mai,da_fare,2,"Località montana a meno di due ore da Chiang Mai, ideale per aggiungere un giorno extra all'itinerario.
Località che ospita una delle vette più alte della Thailandia e una grotta leggendaria.
💡 Parti presto la mattina.
💡 Porta contanti o imposta pagamenti con QR code.
https://www.instagram.com/p/Db2oEFVt6nb/
https://www.instagram.com/p/DdjPXzqEyks/","Chiang Dao, Chiang Mai, Thailandia",,
Chiang Mai,cultura,Chiang Mai,da_fare,3,"📅 1
Punto di partenza e arrivo del famoso anello stradale nel nord della Thailandia.
Punto di partenza e arrivo del road trip attraverso il nord della Thailandia.
Famosa per templi, mercati e montagne.
https://www.instagram.com/p/DctmchXx4DO/
https://www.instagram.com/p/DNX-sv-PFhN/
https://www.instagram.com/p/DanDNrUicfH/","Chiang Mai, Thailandia",18.788278,98.985880
Chiang Mai Cooking Class,cibo,Chiang Mai,da_fare,1,"💰 ₹2,000-3,500
Uno dei modi migliori per ricordare la Thailandia anche dopo il viaggio.
https://www.instagram.com/p/DdL7u8kkyKu/","Chiang Mai Cooking Class, Chiang Mai, Thailandia",,
Chiang Mai Elephant Sanctuary,attivita,Chiang Mai,da_fare,1,"Esperienza per avvicinarsi agli elefanti della Thailandia immersi nella natura.
https://www.instagram.com/p/Dc8XSA7treI/","Chiang Mai Elephant Sanctuary, Chiang Mai, Thailandia",,
Chiang Mai Food Tour,cibo,Chiang Mai,da_fare,1,"💰 £30 pp
Il modo più rapido per scoprire ristoranti locali, gemme nascoste e piatti tradizionali.
💡 Prenota su GetYourGuide.
https://www.instagram.com/p/DZ0H00VCOEE/","Chiang Mai Food Tour, Chiang Mai, Thailandia",,
Chiang Mai Night Bazaar,shopping,Chiang Mai,da_fare,1,"Storico mercato notturno di Chiang Mai ideale per cibo e shopping.
https://www.instagram.com/p/Dak4z3Qk2Uf/","Chiang Mai Night Bazaar, Chiang Mai, Thailandia",18.784441,99.000380
Chiang Mai Night Market,cibo,Chiang Mai,da_fare,2,"Mercato notturno dove gustare delizioso cibo di strada locale.
Mercato notturno domenicale noto come Tha Phae Walking Street.
https://www.instagram.com/p/Dc7wXvpsW95/
https://www.instagram.com/p/Dak4z3Qk2Uf/","Chiang Mai Night Market, Chiang Mai, Thailandia",,
Chiang Mai Night Safari,attivita,Chiang Mai,da_fare,2,"💰 Circa 800 THB
Safari notturno per osservare gli animali dopo il tramonto.
Parco zoologico notturno con tour in tram e spettacoli.
💡 Ride the tram first, then watch shows. Bring mosquito repellent.
https://www.instagram.com/p/Dc7wXvpsW95/
https://www.instagram.com/p/DdodUpvGgiM/","Chiang Mai Night Safari, Chiang Mai, Thailandia",18.739729,98.919107
Chiang Mai Old City,cultura,Chiang Mai,da_fare,4,"💰 7.000-12.000 THB, Gratis, gratis
📅 1 giorno
Passeggia tra le strade storiche e visita antichi templi come Wat Chedi Luang e Wat Phra Singh.
Centro storico ricco di templi storici da esplorare camminando senza un itinerario fisso.
Centro storico racchiuso da mura e canali, ricco di templi e mercati.
Zona ricca di templi e atmosfera storica. Studio da 175 a 300€.
💡 Inizia presto per evitare il caldo e la folla.
💡 Esplora senza mappa per scoprire templi meno noti.
💡 Temples, small shops and Tha Phae Gate are easy to explore on foot.
⚠️ Caldo e folla
https://www.instagram.com/p/DcJl_DqTjrL/
https://www.instagram.com/p/Dc1x4loo0Eg/
https://www.instagram.com/p/DdodUpvGgiM/
https://www.instagram.com/p/DdG2BKcCHZj/","Chiang Mai Old City, Chiang Mai, Thailandia",,
Chiang Mai Old Town Temple Walk,cultura,Chiang Mai,da_fare,1,"💰 ₹0-300
Passeggiata tra templi antichi e pause nei caffè della città vecchia.
https://www.instagram.com/p/DdL7u8kkyKu/","Chiang Mai Old Town Temple Walk, Chiang Mai, Thailandia",,
Coconut Market,shopping,Chiang Mai,da_fare,1,"Mercato carino con cibo thailandese e straniero, vestiti, gioielli, artigianato locale e fattorie di cocco da esplorare.
💡 Aperto da venerdì a domenica dalle 8:00 alle 15:00.
https://www.instagram.com/p/DcTQ9Rxhw7S/","Coconut Market, Chiang Mai, Thailandia",,
Cocoon Ice Bath & Spa,attivita,Chiang Mai,da_fare,1,"💰 300-400 Baht pp
Perfetto dopo una lunga settimana di esplorazione del nord della Thailandia.
💡 Prenota direttamente all'arrivo.
https://www.instagram.com/p/DZ0H00VCOEE/","Cocoon Ice Bath & Spa, Chiang Mai, Thailandia",,
Dantewada Land of Angels,natura,Chiang Mai,da_fare,3,"Un parco paesaggistico con cascate artificiali, giardini lussureggianti e atmosfere fiabesche, perfetto per foto e relax.
Luogo magico pieno di cascate, giardini tropicali e angoli da esplorare.
Parco a tema con cascate e ambientazioni magiche, considerato il posto più magico di Chiang Mai.
💡 Uniscilo a Sticky Waterfall e Blue Temple in un tour di un giorno.
https://www.instagram.com/p/DZzxVitRkpg/
https://www.instagram.com/p/Dc8XSA7treI/
https://www.instagram.com/p/DcTHMotSeN8/","Dantewada Land of Angels, Chiang Mai, Thailandia",19.123203,98.943240
Doi Inthanon,natura,Chiang Mai,da_fare,3,"📅 1 giorno
Il punto più alto della Thailandia, ospita anche le pagode gemelle.
Parco nazionale e montagna più alta della Thailandia con viste stupende.
Parco nazionale e montagna più alta della Thailandia.
https://www.instagram.com/p/DXTswUbE_Bn/
https://www.instagram.com/p/Dc7wXvpsW95/
https://www.instagram.com/p/DdGxFbumKF2/","Doi Inthanon, Chiang Mai, Thailandia",18.588483,98.487464
Doi Inthanon National Park,natura,Chiang Mai,da_fare,2,"💰 ₹2,500-4,500
📅 1 giorno
Il parco nazionale più alto della Thailandia con cascate, sentieri forestali, paesaggi montani e le famose Twin Pagodas.
Cascate, clima più fresco e paesaggi montani.
💡 Parti presto poiché è un'escursione di un'intera giornata da Chiang Mai.
https://www.instagram.com/p/DcJl_DqTjrL/
https://www.instagram.com/p/DdL7u8kkyKu/","Doi Inthanon National Park, Chiang Mai, Thailandia",18.532675,98.557803
Elephant Nature Park,attivita,Chiang Mai,da_fare,1,"Parco naturale dove vivere un'esperienza incredibile con gli elefanti.
https://www.instagram.com/p/Dc7wXvpsW95/","Elephant Nature Park, Chiang Mai, Thailandia",19.214683,98.861639
Ethical Elephant Sanctuary,attivita,Chiang Mai,da_fare,2,"💰 ₹4,000-7,000
Santuario etico dove osservare e imparare sugli elefanti salvati, privilegiando la cura responsabile.
Un'esperienza etica e responsabile a contatto con la fauna selvatica.
💡 Cerca esperienze che diano priorità all'osservazione piuttosto che a cavalcate o bagni.
https://www.instagram.com/p/DcJl_DqTjrL/
https://www.instagram.com/p/DdL7u8kkyKu/","Ethical Elephant Sanctuary, Chiang Mai, Thailandia",,
Flips&Flips Oldtown Cafe,cibo,Chiang Mai,da_fare,1,"Caffetteria accogliente situata proprio accanto al tempio.
https://www.instagram.com/p/DbUe6VlEvOo/","Flips&Flips Oldtown Cafe, Chiang Mai, Thailandia",,
GRAPH,cibo,Chiang Mai,da_fare,1,"Famoso per i suoi cocktail a base di caffè firmati.
https://www.instagram.com/p/DbUe6VlEvOo/","GRAPH, Chiang Mai, Thailandia",18.791585,98.991563
GRAPH Coffee Baankangwat,cibo,Chiang Mai,da_fare,1,"Caffetteria situata nella zona di Baankangwat a Chiang Mai.
https://www.instagram.com/p/Dak4z3Qk2Uf/","GRAPH Coffee Baankangwat, Chiang Mai, Thailandia",,
Gopuek Godum Chiangmai,cibo,Chiang Mai,da_fare,1,"Posto consigliato per mangiare a Chiang Mai.
https://www.instagram.com/p/Dak4z3Qk2Uf/","Gopuek Godum Chiangmai, Chiang Mai, Thailandia",,
Huay Tueng Tao,natura,Chiang Mai,da_fare,2,"Lago pacifico circondato da montagne, ideale per sfuggire alla città.
Riserva naturale vicino al centro con grande lago, animali, sentieri per hiking e mountain bike, e una cascata.
💡 Ottimo per correre, fare mountain bike, hiking o bird watching.
https://www.instagram.com/p/Dc8XSA7treI/
https://www.instagram.com/p/DdqIzstps9O/","Huay Tueng Tao, Chiang Mai, Thailandia",18.867891,98.940104
Ji Matcha Tea Time,cibo,Chiang Mai,da_fare,1,"Sala da tè e matcha a Chiang Mai.
https://www.instagram.com/p/Dak4z3Qk2Uf/","Ji Matcha Tea Time, Chiang Mai, Thailandia",,
KLĀY cafe,cibo,Chiang Mai,da_fare,1,"Caffetteria brunch minimalista con cibo delizioso.
https://www.instagram.com/p/DbUe6VlEvOo/","KLĀY cafe, Chiang Mai, Thailandia",18.798475,98.968674
Kalm Village,cultura,Chiang Mai,da_fare,2,"Spazio culturale e creativo da visitare.
Spazio culturale e artistico.
https://www.instagram.com/p/DddzuFssIqq/
https://www.instagram.com/p/DbUe6VlEvOo/","Kalm Village, Chiang Mai, Thailandia",18.783523,98.986463
Kanom Mae,cibo,Chiang Mai,da_fare,1,"Posto dove mangiare dolci tradizionali a Chiang Mai.
https://www.instagram.com/p/Dak4z3Qk2Uf/","Kanom Mae, Chiang Mai, Thailandia",18.791937,98.957872
Karp Cafe,cibo,Chiang Mai,da_fare,1,"Caffè consigliato nell'itinerario della Thailandia del Nord.
https://www.instagram.com/p/Dc7wXvpsW95/","Karp Cafe, Chiang Mai, Thailandia",,
Khao Soi Maesai,cibo,Chiang Mai,da_fare,1,"💰 1,40€
Famoso ristorante raccomandato dalla guida Michelin, serve quello che viene considerato il miglior Khao Soi, piatto tipico del nord della Thailandia con noodles in doppia consistenza.
💡 Scegli tra pollo e ternera, il più comune è quello di pollo.
https://www.instagram.com/p/DdBiJKmt78K/","Khao Soi Maesai, Chiang Mai, Thailandia",,
Kiln Matcha,cibo,Chiang Mai,da_fare,1,"Negozio o caffetteria di matcha a Chiang Mai.
https://www.instagram.com/p/Dak4z3Qk2Uf/","Kiln Matcha, Chiang Mai, Thailandia",,
LONDON.cnx,cibo,Chiang Mai,da_fare,1,"Posto che serve pizza molto saporita.
💡 Prova assolutamente il kombucha al frutto della passione.
https://www.instagram.com/p/DbUe6VlEvOo/","LONDON.cnx, Chiang Mai, Thailandia",18.791965,98.978433
Let’s Relax Spa,attivita,Chiang Mai,da_fare,1,"Spa classica per massaggi tradizionali thailandesi.
https://www.instagram.com/p/DbUe6VlEvOo/","Let’s Relax Spa, Chiang Mai, Thailandia",18.783737,99.000588
MANA,attivita,Chiang Mai,da_fare,1,"💰 300-500 THB/giorno
Spazio di coworking per lavorare da remoto.
https://www.instagram.com/p/DdG2BKcCHZj/","MANA, Chiang Mai, Thailandia",18.796680,98.965548
Mae Kampong,natura,Chiang Mai,da_fare,3,"Villaggio montano a meno di due ore da Chiang Mai, perfetto per una gita fuori città.
Villaggio noto per i suoi caffè caratteristici e le cascate pacifiche.
Villaggio di montagna nebbioso tra fattorie di caffè e cascate, nella provincia di Chiang Mai.
💡 Parti presto la mattina.
💡 Porta contanti o imposta pagamenti con QR code.
https://www.instagram.com/p/Db2oEFVt6nb/
https://www.instagram.com/p/Dc7wXvpsW95/
https://www.instagram.com/p/DdjPXzqEyks/","Mae Kampong, Chiang Mai, Thailandia",18.865434,99.350150
Mae Kha Canal,natura,Chiang Mai,da_fare,1,"Canale caratteristico perfetto per una passeggiata rilassante.
https://www.instagram.com/p/Dc7wXvpsW95/","Mae Kha Canal, Chiang Mai, Thailandia",18.779452,98.958740
Mae Rim,natura,Chiang Mai,da_fare,1,"Area montuosa ideale per attività all'aperto, rafting, trekking e visite a santuari etici di elefanti.
💡 Esci dalla città per fare rafting ed esplorare la natura.
https://www.instagram.com/p/Dc1x4loo0Eg/","Mae Rim, Chiang Mai, Thailandia",19.111904,98.708805
Matcha Cabinet,cibo,Chiang Mai,da_fare,1,"Locale specializzato in matcha a Chiang Mai.
https://www.instagram.com/p/Dak4z3Qk2Uf/","Matcha Cabinet, Chiang Mai, Thailandia",,
Me&Bacon Nawarat,cibo,Chiang Mai,da_fare,1,"Ristorante o caffetteria a Chiang Mai.
https://www.instagram.com/p/Dak4z3Qk2Uf/","Me&Bacon Nawarat, Chiang Mai, Thailandia",,
Mon Jam,natura,Chiang Mai,da_fare,1,"Area panoramica a meno di due ore da Chiang Mai, ottima alternativa alla vita cittadina.
💡 Parti presto la mattina.
💡 Porta contanti o imposta pagamenti con QR code.
https://www.instagram.com/p/Db2oEFVt6nb/","Mon Jam, Chiang Mai, Thailandia",18.948421,98.794487
Monks Trail to Doi Suthep,natura,Chiang Mai,da_fare,1,"💰 100 Baht pp
Splendida escursione con templi, paesaggi giungla e viste panoramiche sulla città.
💡 L'escursione richiede circa 1-2 ore.
💡 Fermati a mangiare il Khao Soi dopo la camminata.
https://www.instagram.com/p/DZ0H00VCOEE/","Monks Trail to Doi Suthep, Chiang Mai, Thailandia",,
Montha Than Waterfall,natura,Chiang Mai,da_fare,1,"Cascata nascosta nella foresta vicino a Doi Suthep, verde e tranquilla.
https://www.instagram.com/p/Dc8XSA7treI/","Montha Than Waterfall, Chiang Mai, Thailandia",18.817098,98.925835
Neng Roasted Pork,cibo,Chiang Mai,da_fare,1,"Posto dove mangiare maiale arrosto a Chiang Mai.
https://www.instagram.com/p/Dak4z3Qk2Uf/","Neng Roasted Pork, Chiang Mai, Thailandia",,
Nice Kitchen,cibo,Chiang Mai,da_fare,1,"💰 8€
Ottimo posto per fare un brunch prima di partire.
https://www.instagram.com/p/DctbZTDMmh4/","Nice Kitchen, Chiang Mai, Thailandia",18.791895,98.992367
Nimman,shopping,Chiang Mai,da_fare,3,"💰 10.000-15.000 THB, Gratis
Quartiere ricco di caffè, boutique, gallerie e ristoranti.
Zona alla moda con caffè, boutique e ritrovi per giovani locali.
Hub per nomadi digitali con café e vita notturna. Studio moderno da 250 a 375€.
💡 Good for cafes, boutiques and photo stops with a younger local
💡 Cerca su RentHub o FazWaz, poi vai a vedere di persona.
https://www.instagram.com/p/DcJl_DqTjrL/
https://www.instagram.com/p/DdodUpvGgiM/
https://www.instagram.com/p/DdG2BKcCHZj/","Nimman, Chiang Mai, Thailandia",18.798441,98.967050
One Nimman,shopping,Chiang Mai,da_fare,2,"Punto di riferimento per mercati serali, marchi locali e ottime vibrazioni.
Distretto commerciale e di intrattenimento a Chiang Mai.
https://www.instagram.com/p/DbUe6VlEvOo/
https://www.instagram.com/p/Dak4z3Qk2Uf/","One Nimman, Chiang Mai, Thailandia",18.800126,98.968073
PAÑPURI & PAÑPURI Wellness,attivita,Chiang Mai,da_fare,1,"Centro benessere e prodotti di lusso biologici per la cura della pelle.
https://www.instagram.com/p/DbUe6VlEvOo/","PAÑPURI & PAÑPURI Wellness, Chiang Mai, Thailandia",,
Pasta Ama Chiang Mai,cibo,Chiang Mai,da_fare,1,"⭐ voto creator: 4.9/5
Popolare locale in stile giardino che serve pasta fresca e cucina fusion.
https://www.instagram.com/p/DbUe6VlEvOo/","Pasta Ama Chiang Mai, Chiang Mai, Thailandia",,
Phaploen Market,cibo,Chiang Mai,da_fare,1,"💰 3E
Mercato ideale per gustare street food locale tra bancarelle.
💡 Prova i ravioli.
https://www.instagram.com/p/DclSfygMiZa/","Phaploen Market, Chiang Mai, Thailandia",,
Proud Coffee Shop,cibo,Chiang Mai,da_fare,1,"Caffetteria accogliente dove fare una pausa.
https://www.instagram.com/p/DddzuFssIqq/","Proud Coffee Shop, Chiang Mai, Thailandia",,
ROAST8RY,cibo,Chiang Mai,da_fare,1,"Famosa caffetteria fondata da un campione mondiale di latte art, ottima per iniziare il cafè hopping.
💡 Ottimo punto di partenza per scoprire la cultura del caffè a Chiang Mai.
https://www.instagram.com/p/Dc1x4loo0Eg/","ROAST8RY, Chiang Mai, Thailandia",18.798829,98.968632
Rainy's Thai Cooking Class,attivita,Chiang Mai,da_fare,1,"💰 1000 Baht pp
Impara la cultura thailandese, gli ingredienti locali e come cucinare cibo incredibile.
💡 Prenota tramite Instagram o TikTok.
https://www.instagram.com/p/DZ0H00VCOEE/","Rainy's Thai Cooking Class, Chiang Mai, Thailandia",,
Raya Heritage,alloggio,Chiang Mai,da_fare,1,"Hotel di lusso con servizio straordinario, design curato nei minimi dettagli ed esperienze culturali.
https://www.instagram.com/p/DbUe6VlEvOo/","Raya Heritage, Chiang Mai, Thailandia",,
Rimping,shopping,Chiang Mai,da_fare,1,"💰 8.000-12.000 THB/mese
Supermercato per spesa occidentale.
https://www.instagram.com/p/DdG2BKcCHZj/","Rimping, Chiang Mai, Thailandia",18.834827,99.037498
SP Chicken,cibo,Chiang Mai,da_fare,1,"Famoso locale di Chiang Mai noto per il pollo arrosto.
https://www.instagram.com/p/Dak4z3Qk2Uf/","SP Chicken, Chiang Mai, Thailandia",18.787646,98.981187
Santitham,alloggio,Chiang Mai,da_fare,1,"💰 6.000-9.000 THB
Quartiere tranquillo per expat. Studio da 150 a 225€.
💡 Lo scooter è necessario per muoversi.
https://www.instagram.com/p/DdG2BKcCHZj/","Santitham, Chiang Mai, Thailandia",18.804037,98.978504
Saruda Finest Pastry,cibo,Chiang Mai,da_fare,1,"Pasticceria estetica con dolci di ispirazione francese.
https://www.instagram.com/p/DbUe6VlEvOo/","Saruda Finest Pastry, Chiang Mai, Thailandia",18.798820,98.968450
Silver Temple,cultura,Chiang Mai,da_fare,1,"Tempio splendido in Thailandia del Nord, ideale per ammirare l'architettura e la cultura locale con meno turisti.
https://www.instagram.com/p/Dc7wXvpsW95/","Silver Temple, Chiang Mai, Thailandia",18.778538,98.983320
Siri Village Hotel,alloggio,Chiang Mai,da_fare,1,"Hotel caratteristico immerso nell'atmosfera di Chiang Mai.
https://www.instagram.com/p/DddzuFssIqq/","Siri Village Hotel, Chiang Mai, Thailandia",18.786236,98.985276
Soup O-Cha,cibo,Chiang Mai,da_fare,1,"Locale di zuppe a Chiang Mai.
https://www.instagram.com/p/Dak4z3Qk2Uf/","Soup O-Cha, Chiang Mai, Thailandia",,
Sticky Waterfall,natura,Chiang Mai,da_fare,4,"⭐ voto creator: 6/10
Famosa cascata calcarea dove l'acqua non è scivolosa, permettendo di arrampicarsi facilmente grazie alla roccia grippante.
Cascata unica dove è possibile arrampicarsi direttamente grazie alla roccia particolare.
Cascata unica e divertente su cui è possibile arrampicarsi grazie alla roccia grippante.
Cascate immerse nella giungla dove è possibile arrampicarsi a piedi nudi sulla roccia calcarea senza scivolare.
💡 Inseriscila come prima tappa di un tour giornaliero personalizzato.
💡 Difficile da raggiungere senza un mezzo proprio, evita grandi deviazioni se non sei in zona.
💡 Prenotabile su Get Your Guide.
⚠️ Difficile da raggiungere se non guidi
https://www.instagram.com/p/DZzxVitRkpg/
https://www.instagram.com/p/DXTswUbE_Bn/
https://www.instagram.com/p/DcfEvGMk79d/
https://www.instagram.com/p/DafBahWk2QJ/","Sticky Waterfall, Chiang Mai, Thailandia",19.067987,99.079530
Stoic cafe & Brunch,cibo,Chiang Mai,da_fare,1,"Perfetto per una colazione mattutina in un ambiente accogliente.
https://www.instagram.com/p/DbUe6VlEvOo/","Stoic cafe & Brunch, Chiang Mai, Thailandia",,
THE HOUSE by Ginger,cibo,Chiang Mai,da_fare,1,"Ristorante caratteristico a Chiang Mai.
https://www.instagram.com/p/Dak4z3Qk2Uf/","THE HOUSE by Ginger, Chiang Mai, Thailandia",,
Thai food Resto,cibo,Chiang Mai,da_fare,1,"Ristorante consigliato a Chiang Mai per piatti thailandesi vegetariani.
https://www.instagram.com/p/DTsQdwkDOgp/","Thai food Resto, Chiang Mai, Thailandia",18.793590,98.985206
The Baristro Asian Style,cibo,Chiang Mai,da_fare,1,"Caffè di ispirazione giapponese con giardini pacifici e ottimo caffè. Prova il donut al pistacchio e lampone.
💡 Arriva esattamente all'orario di apertura per trovare i dolci più freschi.
⚠️ Attesa per i dolci
https://www.instagram.com/p/DbUe6VlEvOo/","The Baristro Asian Style, Chiang Mai, Thailandia",18.789879,98.951663
The Giant Chiang Mai,natura,Chiang Mai,da_fare,1,"Caffetteria e struttura suggestiva immersa nella giungla su un grande albero.
https://www.instagram.com/p/DddzuFssIqq/","The Giant Chiang Mai, Chiang Mai, Thailandia",18.892637,99.351535
The Silver Cafe,shopping,Chiang Mai,da_fare,1,"Negozio di gioielli di designer locali.
https://www.instagram.com/p/DbUe6VlEvOo/","The Silver Cafe, Chiang Mai, Thailandia",18.788064,98.989071
Wanlamun Rim Nam,cibo,Chiang Mai,da_fare,1,"Ristorante situato lungo il fiume.
https://www.instagram.com/p/DddzuFssIqq/","Wanlamun Rim Nam, Chiang Mai, Thailandia",18.791048,99.003023
Wat Chedi Luang,cultura,Chiang Mai,da_fare,1,"Importante tempio storico con un imponente chedi in rovina.
https://www.instagram.com/p/DddzuFssIqq/","Wat Chedi Luang, Chiang Mai, Thailandia",18.787143,98.986784
Wat Phantao,cultura,Chiang Mai,da_fare,1,"Tempio buddhista noto per la sua architettura in legno di teak.
https://www.instagram.com/p/DddzuFssIqq/","Wat Phantao, Chiang Mai, Thailandia",,
Wat Phra That Doi Suthep,cultura,Chiang Mai,da_fare,5,"💰 30 THB
Uno dei templi più famosi di Chiang Mai con viste panoramiche sulla città.
Famoso tempio situato sulla montagna con viste pacifiche e straordinarie sulla zona.
Tempio iconico circondato da montagne con splendide viste sulla città.
Celebre tempio sulla montagna, fondato nel punto in cui un elefante sacro trasportante una reliquia morì.
Tempio sacro sulla montagna con vista panoramica su Chiang Mai.
💡 Vai all'alba o nel tardo pomeriggio per un'esperienza più fresca.
💡 The viewpoint overlooks Chiang Mai. Go early morning or before
https://www.instagram.com/p/DcJl_DqTjrL/
https://www.instagram.com/p/Dc7wXvpsW95/
https://www.instagram.com/p/Dc8XSA7treI/
https://www.instagram.com/p/DdqGThgk7As/
https://www.instagram.com/p/DdodUpvGgiM/","Wat Phra That Doi Suthep, Chiang Mai, Thailandia",,
Wat Sri Suphan,cultura,Chiang Mai,da_fare,1,"Famoso tempio d'argento dove è possibile partecipare a un'esperienza per creare i propri gioielli personalizzati come anelli o bracciali.
https://www.instagram.com/p/DaNECLFiAnV/","Wat Sri Suphan, Chiang Mai, Thailandia",18.778538,98.983320
Wat Umong,cultura,Chiang Mai,da_fare,1,"Tempio forestale caratterizzato da tunnel scavati per impedire a un monaco instabile di perdersi.
https://www.instagram.com/p/DdqGThgk7As/","Wat Umong, Chiang Mai, Thailandia",18.783103,98.952579
Yook Samai,cibo,Chiang Mai,da_fare,2,"Ottimo Khao Soi autentico tailandese situato nei pressi di Baan Kangwat.
Ristorante a Chiang Mai inserito nella lista di 40 posti dove mangiare.
💡 Salva il posto per ricordarti di visitarlo.
https://www.instagram.com/p/DdQ-u0fTcXw/
https://www.instagram.com/p/Dak4z3Qk2Uf/","Yook Samai, Chiang Mai, Thailandia",,
Ban Daam Museum,cultura,Chiang Rai,da_fare,1,"Conosciuto come il Black House Museum, mostra opere d'arte uniche e scure.
https://www.instagram.com/p/Dc7wXvpsW95/","Ban Daam Museum, Chiang Rai, Thailandia",,
Black House Museum,cultura,Chiang Rai,da_fare,1,"Un complesso museale dal contrasto più scuro e inaspettato.
https://www.instagram.com/p/DXTswUbE_Bn/","Black House Museum, Chiang Rai, Thailandia",19.991150,99.861115
Chiang Khong,trasporti,Chiang Rai,da_fare,1,"Città di confine per attraversare la frontiera tra Thailandia e Laos.
💡 Porta pazienza per le lunghe procedure di immigrazione.
⚠️ Procedure di immigrazione molto lente.
https://www.instagram.com/p/DRrn6ajjyH0/","Chiang Khong, Chiang Rai, Thailandia",,
Chiang Rai,cultura,Chiang Rai,da_fare,3,"Città d'arte e colore che ospita il Tempio Bianco, il Tempio Blu e la Casa Nera.
Punto di partenza dell'itinerario, famoso per i suoi bellissimi templi e per esplorare i dintorni del nord.
Il finale perfetto del viaggio.
https://www.instagram.com/p/DdjPXzqEyks/
https://www.instagram.com/p/Dbc2kquiGtC/
https://www.instagram.com/p/DanDNrUicfH/","Chiang Rai, Thailandia",19.758952,99.673459
Chiang Rai Night Bazaar,cibo,Chiang Rai,da_fare,1,"Mercato serale ideale per assaggiare cibo locale e fare acquisti.
https://www.instagram.com/p/Dc7wXvpsW95/","Chiang Rai Night Bazaar, Chiang Rai, Thailandia",19.904667,99.834473
Doi Mae Salong,cultura,Chiang Rai,da_fare,1,"Villaggio nel nord della Thailandia fondato da ex soldati cinesi Kuomintang, oggi noto per la coltivazione del tè.
https://www.instagram.com/p/DdqGThgk7As/","Doi Mae Salong, Chiang Rai, Thailandia",20.158689,99.622460
Golden Triangle,natura,Chiang Rai,da_fare,2,"Punto di incontro tra i confini di Thailandia, Laos e Myanmar.
Punto d'incontro tra Thailandia, Laos e Myanmar. Ospita musei sulle guerre dell'oppio e offre viste sul fiume Mekong.
https://www.instagram.com/p/Dc7wXvpsW95/
https://www.instagram.com/p/Dbc2kquiGtC/","Golden Triangle, Chiang Rai, Thailandia",,
Karen Kayan Long Neck Village,cultura,Chiang Rai,da_fare,2,"💰 8E
Villaggio della tribù delle donne dal collo lungo.
Villaggio tradizionale della minoranza etnica Karen.
💡 Vedi dettagli nelle storie in evidenza.
https://www.instagram.com/p/DclSfygMiZa/
https://www.instagram.com/p/Dc7wXvpsW95/","Karen Kayan Long Neck Village, Chiang Rai, Thailandia",,
Lalitta Cafe,cibo,Chiang Rai,da_fare,3,"💰 60 THB
Caffè nascosto immerso in un'atmosfera particolare.
Locale immerso nel verde con cascate artificiali, passerelle e giardini fiabeschi. Ideale per una pausa tra un tempio e l'altro.
Caffè scenografico immerso nella natura a Chiang Rai.
💡 Aperto tutti i giorni dalle 08.00 alle 20.00.
💡 Il costo dell'ingresso è scalabile se ordini qualcosa da bere o mangiare.
⚠️ Molto turistico
https://www.instagram.com/p/DXTswUbE_Bn/
https://www.instagram.com/p/DR1PvBkDDrE/
https://www.instagram.com/p/Dc7wXvpsW95/","Lalitta Cafe, Chiang Rai, Thailandia",19.942481,99.811289
Mae Khachan Hot Springs,natura,Chiang Rai,da_fare,1,"Sorgenti termali calde, tappa intermedia ideale tra Chiang Mai e Chiang Rai.
https://www.instagram.com/p/DclSfygMiZa/","Mae Khachan Hot Springs, Chiang Rai, Thailandia",,
Pon Elephant Thailand,attivita,Chiang Rai,da_fare,1,"💰 22€
Riserva etica che ospita una famiglia di elefanti liberi e in fase di riabilitazione. Puoi preparare il cibo, nutrirli e fare il bagno con loro.
https://www.instagram.com/p/DcqiI_ZMylF/","Pon Elephant Thailand, Chiang Rai, Thailandia",,
Thai Local Restaurant,cibo,Chiang Rai,da_fare,1,"Ristorante locale a Chiang Rai ideale per un pasto veg.
https://www.instagram.com/p/DTsQdwkDOgp/","Thai Local Restaurant, Chiang Rai, Thailandia",,
Wat Huay Pla Kang,cultura,Chiang Rai,da_fare,2,"Complesso con statua gigante di Guan Yin alta 69 metri e pagoda colorata a nove piani con draghi cinesi.
Complesso di templi noto per la sua imponente statua della Dea della Misericordia.
https://www.instagram.com/p/DclSfygMiZa/
https://www.instagram.com/p/Dc7wXvpsW95/","Wat Huay Pla Kang, Chiang Rai, Thailandia",19.948843,99.806309
Wat Rong Suea Ten,cultura,Chiang Rai,da_fare,2,"💰 gratis
Tempio vibrante e suggestivo caratterizzato da intense tonalità blu.
Il celebre Tempio Blu, caratterizzato da splendide tonalità blu e dettagli intricati.
https://www.instagram.com/p/DXTswUbE_Bn/
https://www.instagram.com/p/DdBqb9qqqMH/","Wat Rong Suea Ten, Chiang Rai, Thailandia",19.923357,99.841755
White Temple,cultura,Chiang Rai,da_fare,3,"Il famoso Tempio Bianco, realizzato interamente in stucco e specchietti.
Uno dei templi più unici della Thailandia grazie al suo design bianco e dettagliato.
Straordinario tempio bianco, tappa imperdibile a Chiang Rai.
https://www.instagram.com/p/DclSfygMiZa/
https://www.instagram.com/p/DXTswUbE_Bn/
https://www.instagram.com/p/Dc7wXvpsW95/","White Temple, Chiang Rai, Thailandia",19.823879,99.762896
White Temple + Blue Temple,cultura,Chiang Rai,da_fare,1,"💰 ₹1,500-3,500
Due dei templi più fotogenici e particolari della Thailandia.
https://www.instagram.com/p/DdL7u8kkyKu/","White Temple + Blue Temple, Chiang Rai, Thailandia",,
Chom Thong,cultura,Chom Thong,da_fare,1,"Località di sosta prima di esplorare la zona di Doi Inthanon.
https://www.instagram.com/p/DctmchXx4DO/","Chom Thong, Thailandia",13.699096,100.466623
Damnoen Saduak,cultura,Damnoen Saduak,da_fare,1,"Mercato galleggiante iconico ma molto turistico. Ideale solo per una foto la mattina presto prima delle 9.
💡 Vai la mattina presto prima delle 9 solo per la foto
⚠️ Ormai è una vetrina per turisti
https://www.instagram.com/p/DdbNUf7sLdH/","Damnoen Saduak, Thailandia",13.520194,99.959294
Erawan Falls + River Kwai,natura,Kanchanaburi,da_fare,1,"💰 ₹2,000-4,000
Un'escursione che unisce natura e storia in modo gratificante.
https://www.instagram.com/p/DdL7u8kkyKu/","Erawan Falls + River Kwai, Kanchanaburi, Thailandia",,
Kanchanaburi,natura,Kanchanaburi,da_fare,1,"Natura, storia e viste panoramiche, a 2,5 ore da Bangkok.
💡 Dista 2,5 ore da Bangkok
https://www.instagram.com/p/DdQo4lVE_BQ/","Kanchanaburi, Thailandia",14.440190,99.267673
Somboon Legacy Foundation,natura,Kanchanaburi,da_fare,1,"📅 1 mese
Santuario etico per elefanti dove il creator ha svolto un'esperienza di volontariato.
https://www.instagram.com/p/DSkCbg3jBWW/","Somboon Legacy Foundation, Kanchanaburi, Thailandia",,
Wat Tham Seua,cultura,Kanchanaburi,da_fare,1,"Tempio circondato da risaie infinite con un Buddha d'oro da 18 metri e torre in stile cinese.
https://www.instagram.com/p/DaU6XRSIZAL/","Wat Tham Seua, Kanchanaburi, Thailandia",,
2 Sis's Khanom Resotel,alloggio,Khanom,da_fare,1,"Struttura ricettiva per il pernottamento a Khanom.
https://www.instagram.com/p/Da0Zft8EkIn/","2 Sis's Khanom Resotel, Khanom, Thailandia",,
Khanom Grand Canyon,natura,Khanom,da_fare,1,"Spettacolare canyon naturale da visitare.
https://www.instagram.com/p/Da0Zft8EkIn/","Khanom Grand Canyon, Khanom, Thailandia",,
Luxtalay,cibo,Khanom,da_fare,1,"Ristorante sul mare ideale per la cena.
https://www.instagram.com/p/Da0Zft8EkIn/","Luxtalay, Khanom, Thailandia",,
Khao Sok,natura,Khao Sok,da_fare,1,"Un luogo che sembrava surreale.
https://www.instagram.com/p/DanDNrUicfH/","Khao Sok, Thailandia",9.068690,98.573802
Khao Sok National Park,natura,Khao Sok,da_fare,1,"⭐ voto creator: 100/10
Parco nazionale con paesaggi spettacolari che dal vivo sono ancora più belli.
https://www.instagram.com/p/DcfEvGMk79d/","Khao Sok National Park, Khao Sok, Thailandia",9.068690,98.573802
Lago Cheow Lan,natura,Khao Sok,da_fare,2,"Lago circondato da pareti calcaree che si tuffano nell'acqua smeraldo.
Spettacolare lago nel Parco Nazionale di Khao Sok, perfetto per un'escursione in kayak all'alba.
💡 Vivi l'esperienza del kayak all'alba.
https://www.instagram.com/p/Dcq0b8IFy_J/
https://www.instagram.com/p/DaiU87kDY4I/","Lago Cheow Lan, Khao Sok, Thailandia",,
Coco Lanta Resort,alloggio,Ko Lanta,da_fare,1,"💰 ₹9.5K/night
⭐ voto creator: 9.1/10
Resort con ottimi punteggi su Booking.com, perfetto per un soggiorno speciale sulla spiaggia.
https://www.instagram.com/p/DcyIKv5Ti_G/","Coco Lanta Resort, Ko Lanta, Thailandia",7.577135,99.032932
Maya Bay,natura,Ko Phi Phi,da_fare,1,"💰 gratis
Iconica baia inclusa nel tour gratuito dell'ostello.
https://www.instagram.com/p/DbLvylQDb2s/","Maya Bay, Ko Phi Phi, Thailandia",,
Phi Phi Islands,natura,Ko Phi Phi,da_fare,1,"💰 gratis
Famoso arcipelago visitato con un tour gratuito offerto dall'ostello.
https://www.instagram.com/p/DbLvylQDb2s/","Phi Phi Islands, Ko Phi Phi, Thailandia",,
Viking Nature Resort,alloggio,Ko Phi Phi Don,da_fare,1,"💰 ₹7.7K/night
Resort naturale a Phi Phi, ideale per soggiorni migliorati con viste e atmosfera speciale.
https://www.instagram.com/p/DcyIKv5Ti_G/","Viking Nature Resort, Ko Phi Phi Don, Thailandia",,
Ang Thong National Marine Park,natura,Ko Samui,da_fare,1,"⭐ voto creator: 8/10
Parco marino con isole stupende, acqua turchese e punti panoramici incredibili.
https://www.instagram.com/p/DcfEvGMk79d/","Ang Thong National Marine Park, Ko Samui, Thailandia",,
Koh Chang,natura,Koh Chang,da_fare,2,"Isola montuosa e selvaggia, ideale per trekking nella giungla, cascate nascoste, villaggi di pescatori e atmosfera backpacker.
Isola dove trovare ottimo olio di cocco naturale in piccoli negozi, bancarelle o spiagge.
https://www.instagram.com/p/DdGd7n2B9Fc/
https://www.instagram.com/p/DcQoHqyGZq7/","Koh Chang, Thailandia",12.054617,102.337343
Koh Kood,natura,Koh Kood,da_fare,1,"Paradiso incontaminato con lagune cristalline, altalene da spiaggia e ritmi lenti.
https://www.instagram.com/p/DdGd7n2B9Fc/","Koh Kood, Thailandia",11.662155,102.568105
Koh Lanta,natura,Koh Lanta,da_fare,2,"Isola con spiagge migliori di Phuket ma molto più economiche, raggiungibile con un traghetto di due ore da Krabi.
Un'isola molto rilassata e bella.
https://www.instagram.com/p/Db6TUiAyK2N/
https://www.instagram.com/p/DanDNrUicfH/","Koh Lanta, Thailandia",13.821274,100.630694
Mu Ko Lanta National Park,natura,Koh Lanta,da_fare,1,"Parco nazionale che offre esperienze all'alba e una splendida spiaggia con faro.
💡 Prenota un'esperienza in gondola all'alba.
https://www.instagram.com/p/DY_vNF1S0u8/","Mu Ko Lanta National Park, Koh Lanta, Thailandia",,
Pimalai Resort & Spa,alloggio,Koh Lanta,da_fare,1,"📅 3 notti
Resort famoso per i programmi di propagazione dei coralli e rilascio annuale di pesci pagliaccio, situato su una splendida spiaggia.
https://www.instagram.com/p/DY_vNF1S0u8/","Pimalai Resort & Spa, Koh Lanta, Thailandia",,
Pinto Restaurant,cibo,Koh Lanta,da_fare,1,"Ristorante palafitta sull'acqua per gustare cibo thailandese freschissimo con bellissime viste.
https://www.instagram.com/p/DY_vNF1S0u8/","Pinto Restaurant, Koh Lanta, Thailandia",,
Ocean Lipe Restaurant & Bar,cibo,Koh Lipe,da_fare,1,"Ristorante e bar a Koh Lipe ideale per mangiare veg.
https://www.instagram.com/p/DTsQdwkDOgp/","Ocean Lipe Restaurant & Bar, Koh Lipe, Thailandia",,
Pirate Kitchen,cibo,Koh Lipe,da_fare,1,"Posto consigliato a Koh Lipe per opzioni vegetariane.
https://www.instagram.com/p/DTsQdwkDOgp/","Pirate Kitchen, Koh Lipe, Thailandia",,
Koh Madsum,natura,Koh Madsum,da_fare,1,"Isolotto quasi disabitatato caratterizzato da una splendida barriera corallina.
https://www.instagram.com/p/DaiU87kDY4I/","Koh Madsum, Thailandia",9.372973,99.978696
Koh Mak,natura,Koh Mak,da_fare,1,"Isola ecologica, piatta e pacifica, coperta da piantagioni di cocco e gomma, perfetta da esplorare in bicicletta.
https://www.instagram.com/p/DdGd7n2B9Fc/","Koh Mak, Thailandia",11.816000,102.492633
Mookdara restaurant,cibo,Koh Mook,da_fare,1,"Ristorante a Koh Mook inserito tra i preferiti per mangiare veg.
https://www.instagram.com/p/DTsQdwkDOgp/","Mookdara restaurant, Koh Mook, Thailandia",7.370503,99.307281
Emerald Cave,natura,Koh Muk,da_fare,1,"Spettacolare grotta con 80 metri di nuoto al buio che conduce a una spiaggia nascosta tra le scogliere.
💡 Accessibile solo con la bassa marea e con una guida.
https://www.instagram.com/p/Db6TUiAyK2N/","Emerald Cave, Koh Muk, Thailandia",7.369220,99.283771
Koh Phangan,natura,Koh Phangan,da_fare,1,"Conosciuta per i suoi bellissimi tramonti.
https://www.instagram.com/p/DanDNrUicfH/","Koh Phangan, Thailandia",9.734950,100.030571
Koh Phi Phi,natura,Koh Phi Phi,da_fare,1,"Caratterizzato da acque bellissime.
https://www.instagram.com/p/DanDNrUicfH/","Koh Phi Phi, Thailandia",7.737410,98.770856
79 beach club,nightlife,Koh Samui,da_fare,1,"Beach club a Bangrak, vicino all'aeroporto.
https://www.instagram.com/p/DdX2EzWgaym/","79 beach club, Koh Samui, Thailandia",,
Air Bar,nightlife,Koh Samui,da_fare,1,"Bar panoramico ideale per ammirare il tramonto a Taling Nam.
https://www.instagram.com/p/DdX2EzWgaym/","Air Bar, Koh Samui, Thailandia",9.728874,100.038764
Ang Thong Marine Park,natura,Koh Samui,da_fare,1,"💰 ₹4,500-7,000
Kayak, punti panoramici e viste mozzafiato sulle isole.
https://www.instagram.com/p/DdL7u8kkyKu/","Ang Thong Marine Park, Koh Samui, Thailandia",,
Annies,cibo,Koh Samui,da_fare,1,"Locale consigliato nella zona di Taling Nam.
https://www.instagram.com/p/DdX2EzWgaym/","Annies, Koh Samui, Thailandia",,
Babou,nightlife,Koh Samui,da_fare,1,"Locale notturno nella vivace Chaweng.
https://www.instagram.com/p/DdX2EzWgaym/","Babou, Koh Samui, Thailandia",,
Brio Beach,natura,Koh Samui,da_fare,1,"Spiaggia e beach bar a Lamai.
https://www.instagram.com/p/DdX2EzWgaym/","Brio Beach, Koh Samui, Thailandia",,
Cafe KOB,cibo,Koh Samui,da_fare,1,"Caffetteria situata nella zona di Bo Phut.
https://www.instagram.com/p/DdX2EzWgaym/","Cafe KOB, Koh Samui, Thailandia",,
Cafe KOB by the sea,cibo,Koh Samui,da_fare,1,"Caffetteria fronte mare a Bangrak.
https://www.instagram.com/p/DdX2EzWgaym/","Cafe KOB by the sea, Koh Samui, Thailandia",,
Central Shopping centre,shopping,Koh Samui,da_fare,1,"Grande centro commerciale nel cuore di Chaweng.
https://www.instagram.com/p/DdX2EzWgaym/","Central Shopping centre, Koh Samui, Thailandia",9.531603,100.061243
Charm Restaurant,cibo,Koh Samui,da_fare,1,"Ristorante situato a Bo Phut.
https://www.instagram.com/p/DdX2EzWgaym/","Charm Restaurant, Koh Samui, Thailandia",,
China town,cultura,Koh Samui,da_fare,1,"Zona caratteristica a Mae Nam con atmosfera locale.
https://www.instagram.com/p/DdX2EzWgaym/","China town, Koh Samui, Thailandia",,
Coco Tams fireshow,attivita,Koh Samui,da_fare,1,"Spettacolo con il fuoco imperdibile a Bo Phut.
https://www.instagram.com/p/DdX2EzWgaym/","Coco Tams fireshow, Koh Samui, Thailandia",,
Dr Frogs,cibo,Koh Samui,da_fare,1,"Ristorante con vista panoramica a Lamai.
https://www.instagram.com/p/DdX2EzWgaym/","Dr Frogs, Koh Samui, Thailandia",9.499420,100.059386
Elephant beach club,nightlife,Koh Samui,da_fare,1,"Club sulla spiaggia a Chaweng.
https://www.instagram.com/p/DdX2EzWgaym/","Elephant beach club, Koh Samui, Thailandia",9.463359,100.045219
Explorar hotel,alloggio,Koh Samui,da_fare,1,"Hotel per soli adulti situato a Mae Nam.
https://www.instagram.com/p/DdX2EzWgaym/","Explorar hotel, Koh Samui, Thailandia",,
Fishermans village,cultura,Koh Samui,da_fare,1,"Zona vivace con ottima atmosfera, ideale per famiglie e coppie che non cercano feste sfrenate.
https://www.instagram.com/p/DdX2EzWgaym/","Fishermans village, Koh Samui, Thailandia",,
Flavors of India,cibo,Koh Samui,da_fare,1,"Ristorante di cucina indiana a Bang Por.
https://www.instagram.com/p/DdX2EzWgaym/","Flavors of India, Koh Samui, Thailandia",,
Flo cafe,cibo,Koh Samui,da_fare,1,"Caffetteria accogliente a Bangrak.
https://www.instagram.com/p/DdX2EzWgaym/","Flo cafe, Koh Samui, Thailandia",,
Foxtrot,cibo,Koh Samui,da_fare,1,"Locale consigliato a Bangrak.
https://www.instagram.com/p/DdX2EzWgaym/","Foxtrot, Koh Samui, Thailandia",,
Karma Two Palms,cibo,Koh Samui,da_fare,1,"Locale consigliato nella zona di Bang Por.
https://www.instagram.com/p/DdX2EzWgaym/","Karma Two Palms, Koh Samui, Thailandia",,
Koh Pac,cibo,Koh Samui,da_fare,1,"Locale consigliato nella zona di Bangrak.
https://www.instagram.com/p/DdX2EzWgaym/","Koh Pac, Koh Samui, Thailandia",,
Koh Samui,natura,Koh Samui,da_fare,2,"📅 3 giorni
Ottima isola per fare immersioni, richiede almeno 3 giorni interi.
Isola dove c'è molto divertimento.
https://www.instagram.com/p/DctXlo2yrak/
https://www.instagram.com/p/DanDNrUicfH/","Koh Samui, Thailandia",9.501394,99.995619
Kura Restaurant,cibo,Koh Samui,da_fare,1,"Ristorante consigliato a Bo Phut.
https://www.instagram.com/p/DdX2EzWgaym/","Kura Restaurant, Koh Samui, Thailandia",,
Lay Lagom,cibo,Koh Samui,da_fare,1,"Locale tranquillo situato a Bang Por.
https://www.instagram.com/p/DdX2EzWgaym/","Lay Lagom, Koh Samui, Thailandia",,
Lipa Noi beach,natura,Koh Samui,da_fare,1,"Spiaggia tranquilla e appartata a Taling Nam.
https://www.instagram.com/p/DdX2EzWgaym/","Lipa Noi beach, Koh Samui, Thailandia",9.483971,99.926196
Love beach club,nightlife,Koh Samui,da_fare,1,"Beach club con feste sulla spiaggia a Chaweng.
https://www.instagram.com/p/DdX2EzWgaym/","Love beach club, Koh Samui, Thailandia",9.531581,100.064573
Luuma,cibo,Koh Samui,da_fare,1,"Locale consigliato nella zona di Lamai.
https://www.instagram.com/p/DdX2EzWgaym/","Luuma, Koh Samui, Thailandia",,
Mars Cafe,cibo,Koh Samui,da_fare,1,"Caffetteria dallo stile particolare a Lamai.
https://www.instagram.com/p/DdX2EzWgaym/","Mars Cafe, Koh Samui, Thailandia",,
Nahm,cibo,Koh Samui,da_fare,1,"Ristorante situato a Bangrak.
https://www.instagram.com/p/DdX2EzWgaym/","Nahm, Koh Samui, Thailandia",,
Nannas restaurant,cibo,Koh Samui,da_fare,1,"Ristorante consigliato a Mae Nam.
https://www.instagram.com/p/DdX2EzWgaym/","Nannas restaurant, Koh Samui, Thailandia",,
Nikki Beach,nightlife,Koh Samui,da_fare,1,"Famoso beach club di lusso a Taling Nam, perfetto per i tramonti.
https://www.instagram.com/p/DdX2EzWgaym/","Nikki Beach, Koh Samui, Thailandia",9.499418,99.934952
Nordenfeld boutique,shopping,Koh Samui,da_fare,1,"Negozio boutique situato a Chaweng.
https://www.instagram.com/p/DdX2EzWgaym/","Nordenfeld boutique, Koh Samui, Thailandia",,
Pi Samui restaurant,cibo,Koh Samui,da_fare,1,"Ristorante situato nella zona di Chong Mon.
https://www.instagram.com/p/DdX2EzWgaym/","Pi Samui restaurant, Koh Samui, Thailandia",9.572144,100.085614
Rendezvous beach bar,nightlife,Koh Samui,da_fare,1,"Beach bar tranquillo sulla spiaggia di Bang Por.
https://www.instagram.com/p/DdX2EzWgaym/","Rendezvous beach bar, Koh Samui, Thailandia",,
SEEN beach club,nightlife,Koh Samui,da_fare,1,"Beach club alla moda situato a Chaweng, famoso per la vita notturna.
https://www.instagram.com/p/DdX2EzWgaym/","SEEN beach club, Koh Samui, Thailandia",9.521500,100.058630
Sasatorn Cafe,cibo,Koh Samui,da_fare,1,"Locale consigliato per una sosta a Bo Phut.
https://www.instagram.com/p/DdX2EzWgaym/","Sasatorn Cafe, Koh Samui, Thailandia",9.557190,100.031019
Sassy Italian,cibo,Koh Samui,da_fare,1,"Ristorante italiano a Chaweng.
https://www.instagram.com/p/DdX2EzWgaym/","Sassy Italian, Koh Samui, Thailandia",,
Siam Kitchen,cibo,Koh Samui,da_fare,1,"Ristorante con cucina locale a Chong Mon.
https://www.instagram.com/p/DdX2EzWgaym/","Siam Kitchen, Koh Samui, Thailandia",,
Sol Bites Cafe,cibo,Koh Samui,da_fare,1,"Caffetteria consigliata a Chong Mon.
https://www.instagram.com/p/DdX2EzWgaym/","Sol Bites Cafe, Koh Samui, Thailandia",,
Summer by Cocotams,cibo,Koh Samui,da_fare,1,"Locale collegato a Coco Tams nella zona di Bo Phut.
https://www.instagram.com/p/DdX2EzWgaym/","Summer by Cocotams, Koh Samui, Thailandia",,
The Beach Hotel,alloggio,Koh Samui,da_fare,1,"Hotel situato sulla spiaggia a Taling Nam.
https://www.instagram.com/p/DdX2EzWgaym/","The Beach Hotel, Koh Samui, Thailandia",,
The Conrad,alloggio,Koh Samui,da_fare,1,"Resort di lusso isolato a Taling Nam con splendidi tramonti.
https://www.instagram.com/p/DdX2EzWgaym/","The Conrad, Koh Samui, Thailandia",,
The Kimpton Kitalay hotel,alloggio,Koh Samui,da_fare,1,"Hotel di lusso situato nella tranquilla zona di Chong Mon, ideale per famiglie.
https://www.instagram.com/p/DdX2EzWgaym/","The Kimpton Kitalay hotel, Koh Samui, Thailandia",,
The Melia hotel,alloggio,Koh Samui,da_fare,1,"Struttura alberghiera di lusso a Chong Mon.
https://www.instagram.com/p/DdX2EzWgaym/","The Melia hotel, Koh Samui, Thailandia",,
The Privilege Hotel Ezra Beach Club,alloggio,Koh Samui,da_fare,1,"📅 1 settimana
Beach club spettacolare dove alloggiare e rilassarsi sul balconcino.
https://www.instagram.com/p/DctbZTDMmh4/","The Privilege Hotel Ezra Beach Club, Koh Samui, Thailandia",,
The Xperience,attivita,Koh Samui,da_fare,1,"Attrazione o locale consigliato a Taling Nam.
https://www.instagram.com/p/DdX2EzWgaym/","The Xperience, Koh Samui, Thailandia",,
Toast,cibo,Koh Samui,da_fare,1,"Locale per colazioni e brunch a Lamai.
https://www.instagram.com/p/DdX2EzWgaym/","Toast, Koh Samui, Thailandia",,
Treehouse restaurant,cibo,Koh Samui,da_fare,1,"Ristorante con atmosfera particolare a Mae Nam.
https://www.instagram.com/p/DdX2EzWgaym/","Treehouse restaurant, Koh Samui, Thailandia",,
Vero,cibo,Koh Samui,da_fare,1,"Ristorante consigliato a Bo Phut.
https://www.instagram.com/p/DdX2EzWgaym/","Vero, Koh Samui, Thailandia",,
Vikasa,attivita,Koh Samui,da_fare,1,"Centro yoga e benessere molto noto a Lamai.
https://www.instagram.com/p/DdX2EzWgaym/","Vikasa, Koh Samui, Thailandia",9.484314,100.066875
W Koh Samui,alloggio,Koh Samui,da_fare,1,"Resort di lusso iconico situato a Mae Nam.
https://www.instagram.com/p/DdX2EzWgaym/","W Koh Samui, Koh Samui, Thailandia",9.532122,100.062803
Wanngram,cibo,Koh Samui,da_fare,1,"Ristorante locale a Bang Por.
https://www.instagram.com/p/DdX2EzWgaym/","Wanngram, Koh Samui, Thailandia",,
Chuthathuj Rachathan Palace,cultura,Koh Si Chang,da_fare,1,"💰 gratis
Palazzo reale estivo abbandonato dell'Ottocento, costruito da Re Chulalongkorn e quasi deserto.
💡 Visitalo la mattina presto per goderti il silenzio.
https://www.instagram.com/p/DdTaweliO3Y/","Chuthathuj Rachathan Palace, Koh Si Chang, Thailandia",,
Koh Si Chang,natura,Koh Si Chang,da_fare,1,"💰 traghetto 50 THB
📅 1 giorno
Isola autentica nel Golfo di Thailandia senza turisti stranieri, ideale per sfuggire alla folla di Bangkok.
💡 Raggiungibile in 2 ore da Bangkok più traghetto.
⚠️ Non ha spiagge da cartolina.
https://www.instagram.com/p/DdTaweliO3Y/","Koh Si Chang, Thailandia",13.145067,100.807198
Tham Phang Beach,natura,Koh Si Chang,da_fare,1,"La spiaggia principale dell'isola con sabbia e ristoranti locali.
https://www.instagram.com/p/DdTaweliO3Y/","Tham Phang Beach, Koh Si Chang, Thailandia",,
Koh Tao,natura,Koh Tao,da_fare,1,"Un'isola piccola che regala grandi ricordi.
https://www.instagram.com/p/DanDNrUicfH/","Koh Tao, Thailandia",10.092182,99.839536
Koh Tao Dive Bunny,attivita,Koh Tao,da_fare,1,"Centro immersioni a Koh Tao per esplorare i fondali marini in compagnia dei baby shark.
https://www.instagram.com/p/DaiU87kDY4I/","Koh Tao Dive Bunny, Koh Tao, Thailandia",,
Koh Tao Snorkel Day,natura,Koh Tao,da_fare,1,"💰 ₹2,500-4,500
Acque più limpide e tempo tra i coralli per gli amanti del mare.
https://www.instagram.com/p/DdL7u8kkyKu/","Koh Tao Snorkel Day, Koh Tao, Thailandia",,
Phang Nga Bay,natura,Koh Yao Noi,da_fare,1,"Baia da esplorare in barca in una delle destinazioni più sostenibili della Thailandia.
💡 Esplora la baia in barca.
https://www.instagram.com/p/DY_vNF1S0u8/","Phang Nga Bay, Koh Yao Noi, Thailandia",8.291667,98.552773
TreeHouse Koh Yao,alloggio,Koh Yao Noi,da_fare,1,"📅 3 notti
Eco-hotel e casa del bucero orientale, situato in una destinazione molto sostenibile.
https://www.instagram.com/p/DY_vNF1S0u8/","TreeHouse Koh Yao, Koh Yao Noi, Thailandia",,
7 Islands Tour,attivita,Krabi,da_fare,1,"💰 800–1,200 Baht
Tour imperdibile tra scogliere, banchi di sabbia, acqua smeraldo e snorkeling.
💡 Confronta 2 o 3 negozi sulla spiaggia di Ao Nang prima di prenotare.
⚠️ I ricarichi se prenotato tramite hotel sono alti.
https://www.instagram.com/p/DXawzqiEZlm/","7 Islands Tour, Krabi, Thailandia",,
Ao Nang Night Market,cibo,Krabi,da_fare,1,"Mercato notturno dove provare tutti i cibi locali.
https://www.instagram.com/p/DY_vNF1S0u8/","Ao Nang Night Market, Krabi, Thailandia",8.043031,98.812040
Ao Thalane,attivita,Krabi,da_fare,1,"💰 300–600 Baht
Percorso in kayak tra mangrovie e canyon silenziosi lontano dalla folla.
https://www.instagram.com/p/DXawzqiEZlm/","Ao Thalane, Krabi, Thailandia",8.141200,98.754367
Blue Pool,natura,Krabi,da_fare,1,"Piscina naturale dalla caratteristica acqua blu brillante nella giungla.
https://www.instagram.com/p/DXawzqiEZlm/","Blue Pool, Krabi, Thailandia",7.928086,99.271077
Emerald Pool,natura,Krabi,da_fare,1,"Sorgente termale naturale con acqua brillante nella giungla, situata a circa un'ora da Ao Nang.
💡 Vai presto in autonomia.
⚠️ I tour organizzati sono affrettati e affollati.
https://www.instagram.com/p/DXawzqiEZlm/","Emerald Pool, Krabi, Thailandia",7.925097,99.268187
Hong Islands Longtail Trip,attivita,Krabi,da_fare,1,"💰 ₹2,500-4,000
Lagune calme e paesaggi classici con barche a coda lunga di Krabi.
https://www.instagram.com/p/DdL7u8kkyKu/","Hong Islands Longtail Trip, Krabi, Thailandia",,
Islanda Hideaway Resort,alloggio,Krabi,da_fare,1,"💰 ₹9.5K/night
Resort a Krabi per soggiorni di livello superiore con viste migliori e atmosfera speciale.
https://www.instagram.com/p/DcyIKv5Ti_G/","Islanda Hideaway Resort, Krabi, Thailandia",8.013510,98.945261
Koh Khlang,cultura,Krabi,da_fare,1,"Villaggio di pescatori tradizionale thailandese, modello di ecoturismo rigenerativo e basato sulla comunità.
https://www.instagram.com/p/DY_vNF1S0u8/","Koh Khlang, Krabi, Thailandia",,
Krabi,natura,Krabi,da_fare,1,"Offre panorami incredibili.
https://www.instagram.com/p/DanDNrUicfH/","Krabi, Thailandia",8.111165,99.109730
Krabi Town,alloggio,Krabi,da_fare,1,"Città lontana 30-40 minuti dalle spiagge, comporta spreco di tempo e denaro per gli spostamenti.
⚠️ Lontano dalle spiagge, causa viaggi giornalieri e spreco di denaro.
https://www.instagram.com/p/DXawzqiEZlm/","Krabi Town, Krabi, Thailandia",8.082135,98.907235
Nopparat Thara Pier,attivita,Krabi,da_fare,1,"Molo principale da cui prendere le barche longtail.
https://www.instagram.com/p/DXawzqiEZlm/","Nopparat Thara Pier, Krabi, Thailandia",8.047580,98.798494
Phra Nang Cave Beach,natura,Krabi,da_fare,1,"💰 100–150 Baht
Splendida spiaggia con sabbia bianca, grotte e scogliere calcaree, migliore di molte spiagge di Phuket.
💡 Vai prima delle 9:30 o dopo le 16:00.
⚠️ Sovraffollata a mezzogiorno.
https://www.instagram.com/p/DXawzqiEZlm/","Phra Nang Cave Beach, Krabi, Thailandia",,
Railay Beach,natura,Krabi,da_fare,5,"💰 1.500 THB
Bellissima spiaggia che sembra uscita da Jurassic Park.
Spiaggia spettacolare con acque cristalline e imponenti scogliere, raggiungibile in circa 10 minuti di barca.
Famosa spiaggia e meta top per arrampicata su roccia per principianti. Raggiungibile in 10 minuti di barca a coda lunga da Krabi.
Penisola senza strade caratterizzata da scogliere, grotte e acqua turchese.
Famosa spiaggia di Krabi, accessibile via mare.
💡 Ottima per corsi di arrampicata di mezza giornata.
💡 Evita i primi chioschi turistici, cammina 2 minuti per trovare i biglietti locali economici.
⚠️ Prezzi alti nei chioschi turistici per i trasferimenti.
https://www.instagram.com/p/DY_vNF1S0u8/
https://www.instagram.com/p/Da0v8VMtX1O/
https://www.instagram.com/p/Db6TUiAyK2N/
https://www.instagram.com/p/DXawzqiEZlm/
https://www.instagram.com/p/DYFrQVFt1Fk/","Railay Beach, Krabi, Thailandia",8.011417,98.837954
Railay Beach & Four Islands,natura,Krabi,da_fare,1,"💰 ₹2,500-4,500
Scogliere, spiagge e panorami da cartolina con barche tradizionali.
https://www.instagram.com/p/DdL7u8kkyKu/","Railay Beach & Four Islands, Krabi, Thailandia",,
Railay Rock Climbing,attivita,Krabi,da_fare,1,"💰 800–1,500 Baht
Arrampicata su pareti calcaree con vista mozzafiato sull'oceano, adatta anche ai principianti.
https://www.instagram.com/p/DXawzqiEZlm/","Railay Rock Climbing, Krabi, Thailandia",,
Tiger Cave Temple,cultura,Krabi,da_fare,2,"💰 Gratis (parcheggio 60–90 Baht), gratis
Tempio con 1.237 gradini che offre la vista panoramica migliore di tutto il sud della Thailandia.
Tempio sulla cima raggiungibile con 1.237 gradini, offre una vista a 360 gradi su tutto il territorio.
💡 Andare alle 6 del mattino per evitare il caldo.
💡 Visitalo al tramonto come ricompensa per la faticosa salita.
https://www.instagram.com/p/Db6TUiAyK2N/
https://www.instagram.com/p/DXawzqiEZlm/","Tiger Cave Temple, Krabi, Thailandia",8.125146,98.925909
Varana Hotel Krabi,alloggio,Krabi,da_fare,1,"📅 3 notti
Hotel di lusso eco-sostenibile con una politica rifiuti zero.
https://www.instagram.com/p/DY_vNF1S0u8/","Varana Hotel Krabi, Krabi, Thailandia",,
Zipline Krabi,attivita,Krabi,da_fare,1,"💰 1,500–2,500 Baht
Percorso avventura per volare attraverso la foresta pluviale e le scogliere calcaree.
https://www.instagram.com/p/DXawzqiEZlm/","Zipline Krabi, Krabi, Thailandia",,
Kui Buri Safari,attivita,Kui Buri,da_fare,1,"Parco nazionale ideale per safari e avvistamento della fauna selvatica.
https://www.instagram.com/p/DaiU87kDY4I/","Kui Buri Safari, Kui Buri, Thailandia",,
Lampang,cultura,Lampang,da_fare,2,"📅 1
Città dove le carrozze trainate da cavalli sfilano accanto a edifici centenari in teak, mostrando la Thailandia autentica.
Tappa del secondo giorno ricca di storia e cultura nel nord della Thailandia.
https://www.instagram.com/p/DdjPXzqEyks/
https://www.instagram.com/p/DNX-sv-PFhN/","Lampang, Thailandia",18.679973,99.733250
Ko Luang,natura,Lamphun,da_fare,1,"Piscine turchesi perfette per nuotare.
💡 Da visitare nella stagione delle piogge da giugno a ottobre.
https://www.instagram.com/p/DdDkABGjEGs/","Ko Luang, Lamphun, Thailandia",,
Lamphun,cultura,Lamphun,da_fare,2,"📅 1
Una delle città viventi più antiche della Thailandia, con templi antichi e ritmi lenti.
Prima tappa del loop lungo la strada che attraversa la storia e la cultura locale.
https://www.instagram.com/p/DdjPXzqEyks/
https://www.instagram.com/p/DNX-sv-PFhN/","Lamphun, Thailandia",18.266142,98.967490
Mae Ping National Park,natura,Lamphun,da_fare,1,"Parco che nasconde un tempio sommerso visibile solo durante la stagione secca.
https://www.instagram.com/p/DdDkABGjEGs/","Mae Ping National Park, Lamphun, Thailandia",,
Baan Rak Thai,cultura,Mae Hong Son,da_fare,1,"Splendido villaggio di ispirazione cinese situato nella provincia settentrionale.
https://www.instagram.com/p/DdGxFbumKF2/","Baan Rak Thai, Mae Hong Son, Thailandia",,
Ban Jabo,natura,Mae Hong Son,da_fare,1,"Offre una delle migliori viste sul mare di nuvole all'alba.
💡 Periodo migliore tra novembre e febbraio.
https://www.instagram.com/p/DdDkABGjEGs/","Ban Jabo, Mae Hong Son, Thailandia",19.584630,98.206556
Huai Hom village,cultura,Mae Hong Son,da_fare,1,"Villaggio che offre un'autentica esperienza di vita tribale delle colline.
https://www.instagram.com/p/DdDkABGjEGs/","Huai Hom village, Mae Hong Son, Thailandia",,
Huai Nam Dang National Park,natura,Mae Hong Son,da_fare,1,"📅 1 giorno
Parco nazionale ideale per ammirare splendidi panorami naturali.
https://www.instagram.com/p/DdGxFbumKF2/","Huai Nam Dang National Park, Mae Hong Son, Thailandia",19.467695,98.493134
Mae Hong Son,cultura,Mae Hong Son,da_fare,2,"Cittadina di montagna tappa fondamentale lungo il percorso.
Provincia sottovalutata con colline, punti panoramici sulla nebbia e cultura delle tribù collinari.
https://www.instagram.com/p/DctmchXx4DO/
https://www.instagram.com/p/DdjPXzqEyks/","Mae Hong Son, Thailandia",19.392746,98.203111
Mae Hong Son City,cultura,Mae Hong Son,da_fare,1,"📅 3 giorni
Città principale della provincia remota nel nord della Thailandia.
https://www.instagram.com/p/DdGxFbumKF2/","Mae Hong Son City, Mae Hong Son, Thailandia",,
Pang Oung,natura,Mae Hong Son,da_fare,1,"Definita la Svizzera della Thailandia, con un lago nebbioso circondato da pini.
https://www.instagram.com/p/DdDkABGjEGs/","Pang Oung, Mae Hong Son, Thailandia",19.498180,97.909501
Son Su Tong Pe Bridge,cultura,Mae Hong Son,da_fare,1,"Ponte dove i monaci attraversano le risaie durante l'ora d'oro.
https://www.instagram.com/p/DdDkABGjEGs/","Son Su Tong Pe Bridge, Mae Hong Son, Thailandia",,
Thung Bua Tong Fields,natura,Mae Hong Son,da_fare,1,"Campi che fioriscono con girasoli messicani selvatici colorando le colline d'oro.
💡 Periodo di fioritura intorno a novembre.
https://www.instagram.com/p/DdDkABGjEGs/","Thung Bua Tong Fields, Mae Hong Son, Thailandia",,
Wat Chong Kham and Klang,cultura,Mae Hong Son,da_fare,1,"Tempio che si illumina magnificamente al tramonto nella città di Mae Hong Son.
https://www.instagram.com/p/DdDkABGjEGs/","Wat Chong Kham and Klang, Mae Hong Son, Thailandia",,
Wat Phra That Doi Kongmu,cultura,Mae Hong Son,da_fare,1,"Tempio situato su una collina che domina l'intera valle.
https://www.instagram.com/p/DdDkABGjEGs/","Wat Phra That Doi Kongmu, Mae Hong Son, Thailandia",,
Mae Sai,cultura,Mae Sai,da_fare,1,"Città più a nord della Thailandia e frontiera per il Myanmar, ideale per esplorare mercati locali e vita di frontiera.
https://www.instagram.com/p/Dbc2kquiGtC/","Mae Sai, Thailandia",20.439771,99.882969
Mae Sariang,cultura,Mae Sariang,da_fare,2,"📅 2 giorni
Tranquilla località dove fare una sosta lungo le strade tortuose.
Tappa pittoresca lungo il percorso del loop.
https://www.instagram.com/p/DctmchXx4DO/
https://www.instagram.com/p/DdGxFbumKF2/","Mae Sariang, Thailandia",18.159646,97.930113
Mae Wang,natura,Mae Wang,da_fare,1,"Tappa naturalistica prima di completare l'anello e tornare a Chiang Mai.
https://www.instagram.com/p/DctmchXx4DO/","Mae Wang, Thailandia",18.599203,98.819252
Ying Yong,natura,Mon Cham,da_fare,1,"Campi di fiori viola nella nebbia delle montagne, simili alla Provenza.
https://www.instagram.com/p/Dcq0b8IFy_J/","Ying Yong, Mon Cham, Thailandia",,
Wat Roi Phra Phutthabat Phu Manorom,cultura,Mukdahan,da_fare,1,"Tempio panoramico con una grande statua bianca di Buddha affacciata sul fiume Mekong.
https://www.instagram.com/p/DdBqb9qqqMH/","Wat Roi Phra Phutthabat Phu Manorom, Mukdahan, Thailandia",16.499040,104.728191
Wat Maneewong,cultura,Nakhon Nayok,da_fare,1,"Naga Palace, noto per le sue sale sotterranee ricche di statue di serpenti mitologici.
https://www.instagram.com/p/DdBqb9qqqMH/","Wat Maneewong, Nakhon Nayok, Thailandia",14.154555,101.186654
Nakhon Pathom,cultura,Nakhon Pathom,da_fare,1,"Sede dello stupa più alto della Thailandia, a 1 ora da Bangkok.
💡 Dista 1 ora da Bangkok
https://www.instagram.com/p/DdQo4lVE_BQ/","Nakhon Pathom, Thailandia",13.891842,100.016566
Wat Phra Pathom Chedi,cultura,Nakhon Pathom,da_fare,1,"Il chedi più alto della Thailandia, strutturato come un guscio esterno che racchiude altri due stupa antichi.
https://www.instagram.com/p/DdqGThgk7As/","Wat Phra Pathom Chedi, Nakhon Pathom, Thailandia",13.739530,100.119459
Wat Sam Phran,cultura,Nakhon Pathom,da_fare,5,"Gigantesca torre rosa avvolta da un enorme drago, un tempio insolito e suggestivo perfetto per una gita fuori porta da Bangkok.
Il Tempio del Drago, un grattacielo rosa circondato da un enorme drago verde.
Torre rosa di 17 piani avvolta da un drago verde, visitabile anche dall'interno.
Torre rosa di 17 piani avvolta da un enorme drago scalabile con architettura fantasy.
Il famoso tempio del drago, caratterizzato da una torre cilindrica rosa scalata da una gigantesca scultura di drago.
💡 Ottimo per una gita in giornata da Bangkok.
💡 Si trova a un'ora da Bangkok.
💡 Si trova a circa 45 minuti da Bangkok.
https://www.instagram.com/p/DdIqpIPDB_n/
https://www.instagram.com/p/DdBqb9qqqMH/
https://www.instagram.com/p/DaU6XRSIZAL/
https://www.instagram.com/p/DXd1dS9jL1w/
https://www.instagram.com/p/DdqGThgk7As/","Wat Sam Phran, Nakhon Pathom, Thailandia",13.742474,100.257873
Wat Ban Rai,cultura,Nakhon Ratchasima,da_fare,2,"Conosciuto come The Elephant Temple, un tempio spettacolare con un'architettura unica a forma di elefante.
Santuario a forma di elefante al centro di un lago con murales psichedelici e terrazzo panoramico.
https://www.instagram.com/p/DdBqb9qqqMH/
https://www.instagram.com/p/DaU6XRSIZAL/","Wat Ban Rai, Nakhon Ratchasima, Thailandia",15.300134,101.737142
Blue House Café,cibo,Nakhon Si Thammarat,da_fare,1,"Caffetteria accogliente per il pranzo.
https://www.instagram.com/p/Da0Zft8EkIn/","Blue House Café, Nakhon Si Thammarat, Thailandia",,
Grand Fortune Hotel,alloggio,Nakhon Si Thammarat,da_fare,1,"Hotel per il pernottamento durante l'itinerario in città.
https://www.instagram.com/p/Da0Zft8EkIn/","Grand Fortune Hotel, Nakhon Si Thammarat, Thailandia",,
Khiriwong Village,cultura,Nakhon Si Thammarat,da_fare,1,"Villaggio pacifico nella natura, ideale per fare laboratori di tie-dye artigianali.
https://www.instagram.com/p/Da0Zft8EkIn/","Khiriwong Village, Nakhon Si Thammarat, Thailandia",8.434648,99.780984
Kopi Coffee,cibo,Nakhon Si Thammarat,da_fare,1,"Ottimo caffè e locale per gustare specialità locali.
https://www.instagram.com/p/Da0Zft8EkIn/","Kopi Coffee, Nakhon Si Thammarat, Thailandia",,
Krua Nai Nang,cibo,Nakhon Si Thammarat,da_fare,1,"Ristorante consigliato per la cena e per gustare il roti.
https://www.instagram.com/p/Da0Zft8EkIn/","Krua Nai Nang, Nakhon Si Thammarat, Thailandia",,
Nakhon Handicraft Workshop,attivita,Nakhon Si Thammarat,da_fare,1,"Laboratorio di tessitura artigianale Lipao.
https://www.instagram.com/p/Da0Zft8EkIn/","Nakhon Handicraft Workshop, Nakhon Si Thammarat, Thailandia",,
Suan Ta San Fish Spa,attivita,Nakhon Si Thammarat,da_fare,1,"Spa naturale con i pesci per momenti di relax.
https://www.instagram.com/p/Da0Zft8EkIn/","Suan Ta San Fish Spa, Nakhon Si Thammarat, Thailandia",,
Tha Wang Road,cultura,Nakhon Si Thammarat,da_fare,1,"Strada storica perfetta per foto in stile vintage.
https://www.instagram.com/p/Dae69k1E7S-/","Tha Wang Road, Nakhon Si Thammarat, Thailandia",,
Thai Craft Chocolate,cibo,Nakhon Si Thammarat,da_fare,1,"Negozio/laboratorio di cioccolato artigianale thailandese.
https://www.instagram.com/p/Da0Zft8EkIn/","Thai Craft Chocolate, Nakhon Si Thammarat, Thailandia",,
Wat Chedi,cultura,Nakhon Si Thammarat,da_fare,1,"Importante tempio buddista da includere nel tour.
https://www.instagram.com/p/Da0Zft8EkIn/","Wat Chedi, Nakhon Si Thammarat, Thailandia",8.911252,99.846310
Wat Phra Mahathat,cultura,Nakhon Si Thammarat,da_fare,1,"Tempio candidato a patrimonio mondiale dell'UNESCO.
https://www.instagram.com/p/Da0Zft8EkIn/","Wat Phra Mahathat, Nakhon Si Thammarat, Thailandia",8.411091,99.966434
Doi Samer Dao,natura,Nan,da_fare,1,"📅 1
Spettacolare punto panoramico naturale incluso nella tappa del quarto giorno.
https://www.instagram.com/p/DNX-sv-PFhN/","Doi Samer Dao, Nan, Thailandia",18.375615,100.825987
Nan,cultura,Nan,da_fare,1,"📅 2
Città e provincia centrale del loop, visitata tra il quinto e il sesto giorno.
https://www.instagram.com/p/DNX-sv-PFhN/","Nan, Thailandia",18.754459,100.624804
Sapan,natura,Nan,da_fare,1,"📅 1
Località naturalistica esplorata durante il sesto giorno del viaggio.
https://www.instagram.com/p/DNX-sv-PFhN/","Sapan, Nan, Thailandia",,
Mekong River,natura,Nong Khai,da_fare,1,"Fiume al confine dove ogni anno a ottobre si verificano i misteriosi fuochi fatui di Naga.
💡 Visita a ottobre per assistere al fenomeno dei fuochi fatui.
https://www.instagram.com/p/DdqGThgk7As/","Mekong River, Nong Khai, Thailandia",,
Huai Nam Yen,natura,Omkoi,da_fare,1,"Piscine turchesi perfette per nuotare.
💡 Da visitare nella stagione delle piogge da giugno a ottobre.
https://www.instagram.com/p/DdDkABGjEGs/","Huai Nam Yen, Omkoi, Thailandia",,
Bamboo Bridge,natura,Pai,da_fare,1,"Caratteristica passerella in bamboo immersa nella natura.
https://www.instagram.com/p/DctmchXx4DO/","Bamboo Bridge, Pai, Thailandia",19.322137,98.394421
Khao Soi Pai,cibo,Pai,da_fare,1,"💰 70 THB
Ristorante che serve un ricco brodo di curry al cocco con stazione DIY per sottaceti e maiale croccante.
https://www.instagram.com/p/DdWPepDvt7D/","Khao Soi Pai, Pai, Thailandia",19.356810,98.443541
Memorial Bridge,cultura,Pai,da_fare,1,"Storico ponte che ricorda il passato della zona.
https://www.instagram.com/p/DctmchXx4DO/","Memorial Bridge, Pai, Thailandia",19.297878,98.464819
Nong Beer,cibo,Pai,da_fare,1,"Locale centrale frequentato da locali, famoso per il maiale satay con salsa di arachidi e il Pork Hang Lay Curry.
https://www.instagram.com/p/DdWPepDvt7D/","Nong Beer, Pai, Thailandia",19.360806,98.439886
Pai,natura,Pai,da_fare,3,"💰 ₹1,000-2,500
📅 1 giorno, 2-3 giorni
Località montana raggiungibile percorrendo strade tortuose.
Località famosa per le sue cascate mozzafiato e i paesaggi naturali.
Montagne, caffè e l'atmosfera più rilassata del nord della Thailandia.
https://www.instagram.com/p/DctmchXx4DO/
https://www.instagram.com/p/DdGxFbumKF2/
https://www.instagram.com/p/DdL7u8kkyKu/","Pai, Thailandia",19.358106,98.440579
Pai Canyon,natura,Pai,da_fare,1,"Spettacolare canyon panoramico ideale per ammirare il paesaggio.
https://www.instagram.com/p/DctmchXx4DO/","Pai Canyon, Pai, Thailandia",19.303178,98.450647
Pai Walking Street,shopping,Pai,da_fare,1,"Vivace via pedonale serale con negozi e cibo locale.
https://www.instagram.com/p/DctmchXx4DO/","Pai Walking Street, Pai, Thailandia",19.360527,98.440429
Two Sisters,cibo,Pai,da_fare,1,"Posto tranquillo in collina con vista, gestito da proprietari accoglienti che servono ottima cucina birmana, inclusa l'insalata di foglie di tè.
https://www.instagram.com/p/DdWPepDvt7D/","Two Sisters, Pai, Thailandia",19.363041,98.451547
White Buddha,cultura,Pai,da_fare,1,"Grande statua del Buddha situata su una collina panoramica.
https://www.instagram.com/p/DctmchXx4DO/","White Buddha, Pai, Thailandia",19.350126,98.456149
Yun Lai Viewpoint,natura,Pai,da_fare,1,"Punto panoramico ideale per osservare la valle circostante.
https://www.instagram.com/p/DctmchXx4DO/","Yun Lai Viewpoint, Pai, Thailandia",19.368926,98.395546
Wat Dhammakaya,cultura,Pathum Thani,da_fare,1,"Enorme tempio moderno il cui stupa a forma di ufo è ricoperto da centinaia di migliaia di statue di Buddha.
https://www.instagram.com/p/DdqGThgk7As/","Wat Dhammakaya, Pathum Thani, Thailandia",14.081511,100.647400
Patong & Bangla Road,nightlife,Patong,da_fare,1,"⭐ voto creator: 0/10
Zona caotica e affollata della vita notturna a Phuket.
⚠️ Affollato, caotico
https://www.instagram.com/p/DcfEvGMk79d/","Patong & Bangla Road, Patong, Thailandia",,
Wat Sai Khao,cultura,Pattani,da_fare,1,"Tempio storico della Thailandia meridionale noto per la sua importanza spirituale.
https://www.instagram.com/p/DdBqb9qqqMH/","Wat Sai Khao, Pattani, Thailandia",6.673292,101.104395
Cabbages & Condoms,cibo,Pattaya,da_fare,1,"Ristorante unico nel suo genere a Pattaya, da visitare per l'atmosfera insolita.
https://www.instagram.com/p/DcmmiqBPZ4N/","Cabbages & Condoms, Pattaya, Thailandia",12.915497,100.857091
Koh Larn Beach Day,natura,Pattaya,da_fare,1,"💰 ₹700-2,000
Comoda gita su un'isola vicina per una giornata di mare leggera.
https://www.instagram.com/p/DdL7u8kkyKu/","Koh Larn Beach Day, Pattaya, Thailandia",,
Pattaya Walking Street,nightlife,Pattaya,da_fare,1,"Strada famosa per la vita notturna, più animata rispetto a Bangkok.
https://www.instagram.com/p/DctXlo2yrak/","Pattaya Walking Street, Pattaya, Thailandia",,
Sanctuary of Truth,cultura,Pattaya,da_fare,3,"💰 ₹1,200-1,600
Il Castello di Legno, un imponente santuario intagliato interamente a mano nel legno.
Il più grande edificio in legno al mondo, alto 105 metri, costruito interamente in legno senza chiodi metallici con intricate statue intagliate a mano.
Complesso monumentale in legno intagliato a mano vicino al mare.
https://www.instagram.com/p/DdBqb9qqqMH/
https://www.instagram.com/p/DdWJ9-7M01s/
https://www.instagram.com/p/DdL7u8kkyKu/","Sanctuary of Truth, Pattaya, Thailandia",12.972777,100.889150
Nangshe Skywalk,natura,Phang Nga,da_fare,1,"Splendido punto panoramico che si affaccia sulla baia di Phang Nga.
https://www.instagram.com/p/Dc0NezkBf2y/","Nangshe Skywalk, Phang Nga, Thailandia",8.225240,98.443220
Takua Pa Old Town,cultura,Phang Nga,da_fare,1,"Architettura sino-portoghese, caffè affascinanti e strade tranquille.
https://www.instagram.com/p/Dae69k1E7S-/","Takua Pa Old Town, Phang Nga, Thailandia",8.829494,98.364827
Similan Islands Snorkel,natura,Phang Nga / Khao Lak,da_fare,1,"💰 ₹5,000-7,500
Acqua limpida, barriere coralline e una delle migliori giornate marine della Thailandia.
https://www.instagram.com/p/DdL7u8kkyKu/","Similan Islands Snorkel, Phang Nga / Khao Lak, Thailandia",,
Phayao,natura,Phayao,da_fare,2,"📅 1
Cittadina lacustre poco turistica, famosa per il tramonto sul lago Kwan Phayao.
Provincia visitata all'ottavo giorno prima del rientro a Chiang Mai.
https://www.instagram.com/p/DdjPXzqEyks/
https://www.instagram.com/p/DNX-sv-PFhN/","Phayao, Thailandia",19.341673,100.185454
Phayao National Park,natura,Phayao,da_fare,1,"Parco nazionale attraversato da una strada panoramica, ideale da percorrere in moto da Chiang Rai.
💡 Prendi la strada panoramica in moto da Chiang Rai, ci vogliono circa tre ore.
https://www.instagram.com/p/DZAehX1sVnN/","Phayao National Park, Phayao, Thailandia",,
Phu Langka,natura,Phayao,da_fare,1,"📅 1
Tappa naturalistica del settimo giorno lungo il percorso.
https://www.instagram.com/p/DNX-sv-PFhN/","Phu Langka, Phayao, Thailandia",19.441070,100.542131
Phu Lanka National Park,natura,Phayao,da_fare,1,"Area naturale protetta molto amata per paesaggi e panorami montani.
https://www.instagram.com/p/DdjPXzqEyks/","Phu Lanka National Park, Phayao, Thailandia",,
Route 1148 Cafe,cibo,Phayao,da_fare,1,"Un caffè nascosto situato a Phayao, ideale per ammirare un'alba indimenticabile pernottando sul posto.
💡 Pernotta qui per goderti l'alba.
💡 Il periodo migliore per la visita è tra novembre e aprile.
https://www.instagram.com/p/DZAehX1sVnN/","Route 1148 Cafe, Phayao, Thailandia",19.354724,100.510870
Wat Phra That Pha Sorn Kaew,cultura,Phetchabun,da_fare,2,"Tempio decorato con 5 milioni di pezzi di mosaico e cinque Buddha sovrapposti.
Tempio celebre per la composizione di cinque statue bianche di Buddha sedute, circondate dalle montagne e dalle nuvole.
💡 Visitalo all'alba per vedere i Buddha galleggiare su un mare di nuvole.
https://www.instagram.com/p/DaU6XRSIZAL/
https://www.instagram.com/p/DdbfhvOCkoo/","Wat Phra That Pha Sorn Kaew, Phetchabun, Thailandia",16.790269,101.050918
Phetchaburi,cultura,Phetchaburi,da_fare,1,"Templi, spiaggia e gemme nascoste, a 2,5 ore da Bangkok.
💡 Dista 2,5 ore da Bangkok
https://www.instagram.com/p/DdQo4lVE_BQ/","Phetchaburi, Thailandia",13.069287,99.604438
Wat Phra Si Rattana Mahathat,cultura,Phitsanulok,da_fare,1,"Custodisce il Phra Phuttha Chinnarat, una celebre e bellissima immagine dorata di Buddha in stile Sukhothai.
https://www.instagram.com/p/DdbfhvOCkoo/","Wat Phra Si Rattana Mahathat, Phitsanulok, Thailandia",,
Phrae,cultura,Phrae,da_fare,2,"📅 2
Cittadina con case in legno di teak e strade rilassate, ideale per viaggi lenti.
Provincia esplorata tra il terzo e il quarto giorno con un loop dedicato.
https://www.instagram.com/p/DdjPXzqEyks/
https://www.instagram.com/p/DNX-sv-PFhN/","Phrae, Thailandia",18.293060,100.088676
Phrae Old Town,cultura,Phrae,da_fare,1,"Splendide case in legno di teak, strade tranquille e ricche di storia.
https://www.instagram.com/p/Dae69k1E7S-/","Phrae Old Town, Phrae, Thailandia",,
Patong Beach,natura,Phuket,da_fare,1,"💰 Gratis
Celebre spiaggia di Phuket, animata al tramonto e vicina a mercati notturni e locali.
💡 Best around sunset. Night markets and Bangla Road get busy after
⚠️ Get busy after dark
https://www.instagram.com/p/DdodUpvGgiM/","Patong Beach, Phuket, Thailandia",7.896632,98.295429
Phang Nga Bay / James Bond Island,natura,Phuket,da_fare,1,"💰 ₹3,000-5,500
Spettacolari paesaggi calcarei e gite tra le isole.
https://www.instagram.com/p/DdL7u8kkyKu/","Phang Nga Bay / James Bond Island, Phuket, Thailandia",,
Phuket,natura,Phuket,da_fare,1,"Dove è iniziata l'avventura.
https://www.instagram.com/p/DanDNrUicfH/","Phuket, Thailandia",7.936602,98.352929
Phuket Bus Terminal 2,trasporti,Phuket,da_fare,1,"Terminal da cui prenotare i minivan condivisi economici per Krabi.
💡 Prenota qui o ai banchi dell'aeroporto.
https://www.instagram.com/p/DXawzqiEZlm/","Phuket Bus Terminal 2, Phuket, Thailandia",7.917613,98.395889
Phuket Elephant Sanctuary,natura,Phuket,da_fare,1,"Santuario etico per elefanti a Phuket, con politica hands-off senza cavalcarli o nutrirli.
https://www.instagram.com/p/DSkCbg3jBWW/","Phuket Elephant Sanctuary, Phuket, Thailandia",7.918927,98.330228
Phuket Old Town,cultura,Phuket,da_fare,2,"💰 ₹0-500
⭐ voto creator: 7/10
Centro storico con strade colorate, ottima cucina e bar carini.
Vicoli colorati, caffè e una piacevole mezza giornata lontana dalla spiaggia.
https://www.instagram.com/p/DcfEvGMk79d/
https://www.instagram.com/p/DdL7u8kkyKu/","Phuket Old Town, Phuket, Thailandia",7.884777,98.389221
Similan Islands,natura,Phuket,da_fare,1,"💰 Tour giornalieri da 2.000 THB
Arcipelago ideale per lo snorkeling grazie all'acqua limpida e blu.
💡 Great for snorkeling and blue water. Most trips are same-day
https://www.instagram.com/p/DdodUpvGgiM/","Similan Islands, Phuket, Thailandia",,
Wat Chalong,cultura,Phuket,da_fare,1,"💰 Gratis
Il tempio buddista più importante e grande di Phuket.
💡 Dress modestly. It pairs well with a visit to the Big Buddha.
https://www.instagram.com/p/DdodUpvGgiM/","Wat Chalong, Phuket, Thailandia",7.846263,98.337469
Phi Phi & Maya Bay Day Trip,natura,Phuket / Krabi,da_fare,1,"💰 ₹4,000-7,000
La classica escursione in barca tra le acque turchesi della Thailandia.
https://www.instagram.com/p/DdL7u8kkyKu/","Phi Phi & Maya Bay Day Trip, Phuket / Krabi, Thailandia",,
Phra Mahathat Chedi Phakdee,cultura,Prachuap Khiri Khan,da_fare,1,"Complesso con nove stupa dorati, vetrate colorate e un Buddha rivolto verso l'oceano.
https://www.instagram.com/p/DaU6XRSIZAL/","Phra Mahathat Chedi Phakdee, Prachuap Khiri Khan, Thailandia",,
Wat Thang Sai,cultura,Prachuap Khiri Khan,da_fare,1,"Splendido tempio sulla collina che offre una vista spettacolare sul mare.
https://www.instagram.com/p/DdBqb9qqqMH/","Wat Thang Sai, Prachuap Khiri Khan, Thailandia",,
Wat Pa Kung,cultura,Roi Et,da_fare,1,"Importante monastero di meditazione Vipassana con una grande pagoda in arenaria ispirata al Borobudur, decorata con sculture e una guglia d'oro.
https://www.instagram.com/p/DdRMadMilrB/","Wat Pa Kung, Roi Et, Thailandia",15.992100,103.495900
Cocoa Amma,cibo,Samut Prakan,da_fare,1,"Chiosco gestito da Cocoa Amma che serve delizioso cacao in grandi bicchieri.
https://www.instagram.com/p/DdMCKOaPzUL/","Cocoa Amma, Samut Prakan, Thailandia",,
Erawan Museum,cultura,Samut Prakan,da_fare,2,"💰 400 THB
Museo a forma di elefante gigante a tre teste che custodisce tesori antichi. Surreale fuori e incredibile dentro.
Museo unico famoso per la massiccia statua dell'elefante a tre teste e interni ricchi di arte e spiritualità.
💡 Si trova a circa 45 minuti a sud di Bangkok.
💡 Prendi il BTS fino a Kheha Station, poi un taxi o Grab per circa 10-15 minuti.
https://www.instagram.com/p/DXd1dS9jL1w/
https://www.instagram.com/p/DdLO3JcGI9Q/","Erawan Museum, Samut Prakan, Thailandia",13.628503,100.589541
Sumeru Mountain The Ancient City,cultura,Samut Prakan,da_fare,1,"💰 400 THB
Stunning island temple surrounded by giant Ananda Fish, representing Sumeru Mountain in Buddhist belief.
💡 Prendi il BTS fino a Kheha Station, poi un taxi o mototaxi per circa 10-15 minuti.
https://www.instagram.com/p/DdLO3JcGI9Q/","Sumeru Mountain The Ancient City, Samut Prakan, Thailandia",,
Wat Lak Si Rat Samoson,cultura,Samut Sakhon,da_fare,1,"Ospita un Buddha dorato con cascata e un Buddha in arenaria di 600 anni ritenuto miracoloso.
https://www.instagram.com/p/DaU6XRSIZAL/","Wat Lak Si Rat Samoson, Samut Sakhon, Thailandia",13.573314,100.079109
Amphawa Floating Market,shopping,Samut Songkhram,da_fare,1,"Famoso mercato galleggiante tradizionale fuori Bangkok.
https://www.instagram.com/p/Db4WeUHifC2/","Amphawa Floating Market, Samut Songkhram, Thailandia",13.424872,99.955459
Samut Songkhram,cultura,Samut Songkhram,da_fare,1,"Fiumi, mercati e vita locale, a 1 ora da Bangkok.
💡 Dista 1 ora da Bangkok
https://www.instagram.com/p/DdQo4lVE_BQ/","Samut Songkhram, Thailandia",13.357686,99.961968
Koh Lipe Island Hopping,attivita,Satun,da_fare,1,"💰 ₹2,500-4,000
Splendide isole meridionali con acqua cristallina e tempo da spiaggia.
https://www.instagram.com/p/DdL7u8kkyKu/","Koh Lipe Island Hopping, Satun, Thailandia",,
Koh Tarutao,natura,Satun,da_fare,1,"Isola che un tempo ospitava una remota colonia penale, oggi famosa per spiagge, foreste e natura incontaminata.
https://www.instagram.com/p/DdqGThgk7As/","Koh Tarutao, Satun, Thailandia",,
Old Sukhothai street food market,cibo,Sukhothai,da_fare,1,"Mercato serale di street food con tavolini vista templi, perfetto per concludere la giornata in tranquillità.
https://www.instagram.com/p/DRZDEBPDOHb/","Old Sukhothai street food market, Sukhothai, Thailandia",,
Sukhothai,cultura,Sukhothai,da_fare,2,"📅 2 giorni
Prima capitale siamesa e 'età dorada' della Tailandia. Offre rovine immerse in un grande parco verde, ideale per chi cerca calma e natura.
Considerato il primo grande regno thailandese, culla della cultura, dell'arte e dell'architettura moderna thailandese.
💡 Perfetto da esplorare in bici senza fretta.
💡 Ottima tappa se viaggi da Bangkok verso il nord.
https://www.instagram.com/p/Dak9FOFiFcT/
https://www.instagram.com/p/DaQRIaQDHXp/","Sukhothai, Thailandia",17.144699,99.437584
Sukhothai Historical Park,cultura,Sukhothai,da_fare,2,"💰 ₹300-700
📅 1 giorno
Meraviglioso parco storico con templi immersi nella natura, statue giganti del Buddha e giochi di luce tra laghi.
Un'esperienza storico-culturale più tranquilla rispetto ad Ayutthaya.
💡 Noleggia una bici per esplorare i viali del parco.
https://www.instagram.com/p/DRZDEBPDOHb/
https://www.instagram.com/p/DdL7u8kkyKu/","Sukhothai Historical Park, Sukhothai, Thailandia",17.021840,99.703115
Tra Phang Thong Market,cibo,Sukhothai,da_fare,1,"Un mercato speciale e inaspettato a Sukhothai, perfetto per scoprire lo street food e i cibi locali.
https://www.instagram.com/p/DOF0_QIDPgQ/","Tra Phang Thong Market, Sukhothai, Thailandia",,
Wat Si Chum,cultura,Sukhothai,da_fare,1,"Tempio storico che custodisce il Phra Achana, un Buddha seduto alto 15 metri visibile attraverso una stretta apertura.
https://www.instagram.com/p/DdbfhvOCkoo/","Wat Si Chum, Sukhothai, Thailandia",17.026856,99.693207
Khao Sok Lake Experience,natura,Surat Thani,da_fare,1,"💰 ₹4,000-8,000
Paesaggi con zattere galleggianti tra i panorami più memorabili della Thailandia.
https://www.instagram.com/p/DdL7u8kkyKu/","Khao Sok Lake Experience, Surat Thani, Thailandia",,
Ban Tha Sawang,shopping,Surin,da_fare,1,"Villaggio famoso per la straordinaria seta broccata d'oro realizzata con antiche tecniche di corte.
https://www.instagram.com/p/DdS6LySDDDw/","Ban Tha Sawang, Surin, Thailandia",14.955263,103.473503
Elephant Study Centre,cultura,Surin,da_fare,1,"Centro situato a Ban Ta Klang per conoscere la cultura e il rapporto tra la comunità Kuy e gli elefanti.
https://www.instagram.com/p/DdS6LySDDDw/","Elephant Study Centre, Surin, Thailandia",,
Khwao Sinarin,shopping,Surin,da_fare,1,"Villaggio artigianale dove si realizzano gioielli e oggetti in argento lavorato a mano, incluse le perle 'Luk Pakueam'.
https://www.instagram.com/p/DdS6LySDDDw/","Khwao Sinarin, Surin, Thailandia",14.999215,103.594015
Prasat Ban Phluang,cultura,Surin,da_fare,1,"Importante testimonianza dell'architettura e dell'influenza dell'antico impero Khmer.
https://www.instagram.com/p/DdS6LySDDDw/","Prasat Ban Phluang, Surin, Thailandia",,
Prasat Sikhoraphum,cultura,Surin,da_fare,1,"Antico santuario hindu dell'XI-XII secolo con cinque torri in mattoni e splendide decorazioni in pietra.
https://www.instagram.com/p/DdS6LySDDDw/","Prasat Sikhoraphum, Surin, Thailandia",14.944535,103.798408
Prasat Ta Muean Thom,cultura,Surin,da_fare,1,"Complesso di rovine Khmer storicamente rilevante situato nella provincia di Surin.
https://www.instagram.com/p/DdS6LySDDDw/","Prasat Ta Muean Thom, Surin, Thailandia",,
Surin,cultura,Surin,da_fare,1,"Provincia dell'Isan, nota per tradizioni locali, comunità Kuy, elefanti, seta e antiche rovine Khmer.
https://www.instagram.com/p/DdS6LySDDDw/","Surin, Thailandia",15.061014,103.761312
Blue Cave,natura,Tak,da_fare,1,"Formazione rocciosa naturale illuminata da candele con pareti dai toni blu.
https://www.instagram.com/p/DdDkABGjEGs/","Blue Cave, Tak, Thailandia",,
Thi Lo Su,natura,Tak,da_fare,2,"Cascata gigante in piena foresta, tra le più impressionanti dell'Asia.
Una delle cascate più grandi e belle della Thailandia, situata nel santuario della fauna selvatica di Umphang.
https://www.instagram.com/p/Dcq0b8IFy_J/
https://www.instagram.com/p/DdDkABGjEGs/","Thi Lo Su, Tak, Thailandia",,
Kantang,cultura,Trang,da_fare,1,"Città ferroviaria storica con edifici colorati patrimonio culturale.
https://www.instagram.com/p/Dae69k1E7S-/","Kantang, Trang, Thailandia",7.410902,99.514594
Trat,trasporti,Trat,da_fare,1,"Provincia della terraferma con un bellissimo aeroporto all'aperto, punto di accesso per l'arcipelago.
https://www.instagram.com/p/DdGd7n2B9Fc/","Trat, Thailandia",12.259354,102.426887
Sam Phan Book,natura,Ubon Ratchathani,da_fare,2,"Canyon di roccia scolpiti dall'erosione dal tipico aspetto americano.
Conosciuto come il Grand Canyon della Thailandia, situato sul fiume Mekong nell'Isaan.
https://www.instagram.com/p/Dcq0b8IFy_J/
https://www.instagram.com/p/DdJSstZiPvo/","Sam Phan Book, Ubon Ratchathani, Thailandia",,
Wat Phra That Nong Bua,cultura,Ubon Ratchathani,da_fare,1,"Tempio famoso per il suo chedi dorato ispirato al Maha Bodhi Temple in India.
https://www.instagram.com/p/DdBqb9qqqMH/","Wat Phra That Nong Bua, Ubon Ratchathani, Thailandia",,
Wat Sirindhorn Wararam,cultura,Ubon Ratchathani,da_fare,1,"Conosciuto come il Tempio Fluorescente, con decorazioni che brillano di verde nel buio.
💡 Vai al tramonto per permettere alle decorazioni di assorbire la luce.
https://www.instagram.com/p/DaU6XRSIZAL/","Wat Sirindhorn Wararam, Ubon Ratchathani, Thailandia",15.148675,105.467829
Uthai Thani Old Market,cibo,Uthai Thani,da_fare,1,"Comunità fluviale che offre autentico cibo locale.
https://www.instagram.com/p/Dae69k1E7S-/","Uthai Thani Old Market, Uthai Thani, Thailandia",,
Ban Sing Tha,cultura,Yasothon,da_fare,1,"Caratterizzata da case tradizionali in legno e un'atmosfera locale tranquilla.
https://www.instagram.com/p/Dae69k1E7S-/","Ban Sing Tha, Yasothon, Thailandia",15.791268,104.143459
